Sample Name,NegMSMSALL-CAS9_A,NegMSMSALL-CAS9_A,NegMSMSALL-CAS9_B,NegMSMSALL-CAS9_B,NegMSMSALL-CAV_A,NegMSMSALL-CAV_A,NegMSMSALL-CAV_B,NegMSMSALL-CAV_B,NegMSMSALL-CAVIN_A,NegMSMSALL-CAVIN_A,NegMSMSALL-CAVIN_B,NegMSMSALL-CAVIN_B,NegMSMSALL-CERS2-1g_A,NegMSMSALL-CERS2-1g_A,NegMSMSALL-CERS2-1g_B,NegMSMSALL-CERS2-1g_B,NegMSMSALL-CERS2-mg_A,NegMSMSALL-CERS2-mg_A,NegMSMSALL-CERS2-mg_B,NegMSMSALL-CERS2-mg_B,NegMSMSALL-CERS5_A,NegMSMSALL-CERS5_A,NegMSMSALL-CERS5_B,NegMSMSALL-CERS5_B,NegMSMSALL-Flot2_A,NegMSMSALL-Flot2_A,NegMSMSALL-Flot2_B,NegMSMSALL-Flot2_B,NegMSMSALL-RAJU-Blank,NegMSMSALL-RAJU-Blank,NegMSMSALL-SPTLC_A,NegMSMSALL-SPTLC_A,NegMSMSALL-SPTLC_B,NegMSMSALL-SPTLC_B,NegMSMSALL-UGCG_A,NegMSMSALL-UGCG_A,NegMSMSALL-UGCG_B,NegMSMSALL-UGCG_B,NegMSMSALL-WT_A,NegMSMSALL-WT_A,NegMSMSALL-WT_B,NegMSMSALL-WT_B
LPC 20:5+HCOO (LPC pe),34.9947,0,0,27.68,0,0,21.9947,32.6987,0,0,0,0,0,0,21.9938,0,0,0,0,0,0,0,23.73,0,0,0,0,0,0,0,0,0,0,0,28.993,46.993,34.7348,29.7584,0,0,0,0
LPC 20:4+HCOO (LPC pe),59,57,77,49,103,118,49,65,86,83,77,81,104,108,59,0,111,84,88,74,82,91,81,81,71,103,101,94,0,0,93.3321,128,84,91,45,79,75,74,54,40,89,69
LPC 20:4+HCOO (LPC pe),270.707,255.5043,327.9551,295.4466,450.7238,518.0009,288.6451,320.5418,396.529,409.2884,295.2241,393.5139,369.0012,301.7648,298.6455,41.985,287.9856,292.6523,308.2063,291.0983,339.0556,379.4653,258.9531,265.6681,360.3891,348.6044,314.1486,387.14,0,0,446.3019,459.3494,366.4255,422.1008,128.9868,310.1493,268.7729,299.6667,304.2656,220.8723,240.8463,280.5056
PC 28:6+HCOO (LPC pe),125,74,0,0,108,111,83,91,155,0,155.654,126,0,0,375.0754,387.7923,0,0,0,0,0,0,139.6281,0,0,89,0,0,0,0,101.654,77,121,86,77,94,67,82,0,0,0,203
LPC O-30:5+HCOO (LPC pe),1.6755,3.0708,0,0,0,0,0,0,0,0,0,2.559,0,0,0,0,0,0,0,0,22.4124,0,0,1.1994,3.6452,0,0,32.3088,0,0,4.4394,1.2803,0,14.2389,4.9344,0,0,7.8988,0,0,0,0.0644
PC 28:0+HCOO (FA 14:0),53.7903,0,35.2562,14.3262,0,23.5471,32.9919,37.1036,33.7675,0,0,33.3827,26.5046,17.1023,0,0,52.0026,0,0,0,34.3987,31.4468,41.8417,32.7955,53.0906,0,58.3896,42.6804,0,0,0,25.9532,44.2807,28.0219,0,0,25.2815,27.0674,36.463,64.5998,0,41.2502
PC 28:0+HCOO (LPC pe),30.4464,34,26.0022,33,24.4314,53,25.4049,35,47,26.8177,47.8561,38.7812,34.6457,26.7443,7.0495,15.0493,28.0032,22.337,46.5217,20.2833,32.4851,42.9635,27.2034,34.1159,54,0,21.2995,37,0,0,54,35,28,30,45,44,42,32,43.7426,30,0,0
LPC 30:6+HCOO (LPC pe),67.2512,66.0804,69.5057,75.6074,35.9011,31.0664,35.3529,41.5533,47.2287,51.8419,52.9588,57.3318,61.7014,71.2613,84.8964,64.695,43.4513,87.9109,41.3985,59.132,82.5916,76.1514,17.1817,72.0543,26.5394,41.2982,44.043,37.4992,0,0,35.5394,14.5533,41.2426,33.1885,1.2828,0,53.864,32.1345,38.302,46.1885,89,44
PC O-30:5+HCOO (FA 10:0),32,0,0,0,35,25,0,0,25,28,0,0,0,0,0,0,0,0,0,0,0,0,0,0,0,0,0,0,0,0,0,0,0,0,0,0,0,0,0,0,0,0
PC O-30:5+HCOO (LPC pe),2.9567,0,0,0,0,0,0,0,0,0,6.3874,0,0,0,0,0,0,0,0,0,0,0,0,0,0,0,0,15.9119,0,0,0,0,0,0,0,0,0,0,0,0,0,0
PC O-30:3+HCOO (FA 14:2),10,0,7.3884,0,0,0,0,0,0,0,0,0,0,0,0,0,0,0,0,0,0,0,0,0,0,0,0,0,0,0,0,0,0,0,0,0,0,0,0,0,0,0
PC 30:6+HCOO (FA 10:1),81.7677,81,63.2577,81,83.3195,55.103,92.246,75.103,75.263,79.4851,97.1649,87,0,0,120.8727,159.679,111.8462,65.8286,130.1319,157.0975,137.4915,108.141,99.0077,0,0,0,63.8519,0,0,0,0,0,0,0,105.3195,0,117.536,88,0,0,0,0
PC 30:6+HCOO (FA 20:5),37.3326,31.6849,8.8127,0,19.0804,31.6563,63.4375,59.3772,0,0,20.6225,3.2979,0,0,52.6321,29.0646,13.8687,34.1946,36.8393,3.0448,0.5733,14.6028,13.7912,31.9051,0,0,15.1718,0,0,0,0,0,0,0,42.091,0,21.5085,0,0,0,0,13.3657
PC 30:5+HCOO (FA 20:5),144.8999,131.0904,92.1414,0,0,15.7823,0,178.2289,54.5243,42.2991,0,62.7515,0,0,173.8961,137.0018,0,96.0506,19.3578,15.049,23.9397,13.7337,106.7276,99.518,0,0,0,0,0,0,0,0,0,0,107.6752,127.6981,0,0,0,0,76.6998,0
PC 30:5+HCOO (LPC pe),809.9413,752.1587,693.021,1105.2575,757.2225,618.9325,633.5271,677.3397,1004.316,1081.9181,852.5878,970.915,1334.2913,1133.9417,1615.0005,1608.9012,1205.8143,1250.099,1567.3558,1406.0528,1126.9368,1081.9201,1192.1809,1057.7773,902.7322,0,963.6511,941.8987,0,0,476.2289,588.4953,558.0405,536.5224,1394.6667,1532.9597,1342.6335,1406.2066,929.0808,967.8723,935.336,1047.6242
PC 30:5+HCOO (FA 10:0),31.8882,41.1491,19.6088,20.3789,32,0,0,0,22.693,30,0,23,0,0,30,38,0,34,37,23.6163,42,37.0012,25,49,0,0,0,0,0,0,0,0,0,0,33,27,0,0,0,0,12,0
PC 30:5+HCOO (FA 20:5),40.5168,27.2555,7.3525,16.7924,0,24.7359,38.6214,57.8192,0,0,0,12.9782,0,0,0,30.254,0,0,0,0,0,0,0,17.4547,0,0,0,0,0,0,0,0,0,0,5.2895,0,0,0,0,0,3.3376,0
PC 30:5+HCOO (LPC pe),40,22,32,37,0,25,0,34,38,44,37,34.9745,45,40,45,23.1522,30.1661,32.3966,64,46.673,45,55,24.6868,37,40,34.5583,59,35,0,0,37,34,33,49,47,27,40,27,23,29.673,0,27
PC 30:4+HCOO (LPC pe),27.3556,31.2672,97.6732,18.3405,0,78.4161,67.6128,42.0327,62.3387,100.2285,59.3288,76.3946,106.6103,126.2155,176.934,107.8983,108.7642,54.4043,148.8814,131.9409,63.6173,101.7047,109.1639,122.2798,86.7545,78.1866,126.5863,161.0538,0,0,47.2143,22.0645,43.8606,52.3726,189.1901,163.0676,255.1169,177.4767,85.7744,33.396,77.9011,63.1094
PC 30:4+HCOO (LPC pe),3.2768,0,6.2214,0,0,0,0,0,6.2629,0,0,0,0,0,0,0,9.9835,12.6075,0.4428,0,0,0,18.2924,11.756,9.2768,4.8828,2.9082,7.7422,0,0,0,7.2352,0,0,0,0,12.2768,0,0,0,0,0
PC 30:4+HCOO (LPC pe),14.8943,3.5285,0,25.5185,25.5696,0,0,0.0881,2.2482,0,13.6823,3.6781,51.4738,0,0,28.8204,0,28.0125,0,13.2447,24.7826,0,21.41,11.2886,0,0,2.3181,0,0,0,0,20.985,4.9642,2.9737,0,0,0,14.9243,4.935,0,4.2109,13.4165
PC 30:3+HCOO (LPC pe),53.1102,89.99,108.4404,91.2172,38.9042,78.3434,145,312.5485,77.8658,72.5637,62.1557,116.4209,59.133,85.763,146.1083,258.2923,25.4966,53.3622,33.5627,60.1067,45.2542,42.3373,99.2844,94.3177,336.1145,884.0113,86.6551,168.7528,104,177,100.6511,163.1296,121.6794,104.5846,54.8465,106.5525,33.5705,43.465,55.099,102.024,15.3987,41.5613
PC 30:3+HCOO (LPC pe),6.4963,0,0,0,0,0,0,0,14.3794,1.6925,0,0,22.4302,0,17.9989,18.842,20.5375,19.9462,38.1442,27.6788,3.7136,25.8475,0,26.2888,13.7209,30.6511,22.8832,0,0,0,0,0,0,0,11.0939,10.5672,0,12.9219,24.5011,19.9488,0,30.2954
PC 30:3+HCOO (LPC pe),77.7793,48.4084,73.338,66.2013,46.3736,14.4111,63.8615,50.5126,5.934,43.5916,23.7378,9.4161,40.9072,43.7564,14.1949,6.8103,18.6972,27.561,6.6323,8.3349,8.4013,15.625,0,17.3154,116.1968,0,20.1596,0,2.542,0,58.3951,34.4148,23.8123,22.0412,23.1785,5.4486,29.4065,49.4116,8.7772,28.7972,0,9.5034
PC O-32:9+HCOO (LPC pe),4.638,31.1224,0,25.952,11.837,0,0,26.1842,15.0302,0,26.2231,0,0,25.1589,0,39.1388,12.2275,14.8369,1.2567,10.6649,14.1989,7.3065,22.2508,35.891,39.0522,41.9043,34.686,20.2444,0,8,0,24.5466,0,0,17.9228,0,18.815,0,18.9571,14.3311,0,15.5895
PC O-32:9+HCOO (LPC pe),13.2866,14.9008,31.6527,24.6621,17.7241,16.6668,45.9939,110.7312,30.0756,27.8079,18.4069,45.2304,8.7176,5.0759,26.7308,71.7761,18.4507,23.3667,51.432,36.3849,21.0659,9.0116,15.9235,30.009,78.9022,249.0695,46.4212,18.4865,41.5206,46.8376,31.9203,31.757,20.2583,13.427,12.6505,7.1985,17.1185,11.0449,0,15.4392,0,31.0774
PC 30:2+HCOO (LPC pe),27.781,14.6286,25.5317,30.7377,0,0,0,0,54.6325,21.5474,9.215,33.9971,13.4329,13.5127,18.2525,0.2441,14.7281,11.4669,54.0987,29.5456,24.459,16.1717,33.5006,26.7853,20.8841,20.6511,7.1699,0,0,0,0,15.7063,0,0,0,0,26.3284,0,29.3741,17.7538,0,11.0599
PC 30:2+HCOO (LPC pe),11.2638,17.47,31.113,18.0724,0,32.5286,16.299,51.0802,23.9463,10.0888,23.8365,19.8466,0,0,17.7463,20.049,26.3829,0,0.1844,28.9148,0,0,0,0,21.4814,6.2658,3.4887,13.2033,0,0,23.172,33.9375,28.341,24.4675,0,46.7712,11.409,11.5374,0,0,0,0
PC O-32:8+HCOO (LPC pe),400.6776,334.53,359.7025,373.5846,286.7306,291.5071,191.9535,169.5774,331.9713,409.8156,408.498,331.1414,287.6828,275.4566,382.7728,296.9629,301.2451,384.6499,311.8147,292.1377,360.9871,421.9998,368.8353,327.641,288.7586,279.8802,256.755,236.7077,0,0,154.9675,163.3112,203.944,168.9485,250.8347,242.5933,224.3392,242.731,326.9822,0,274.9245,324.3602
PC 30:1+HCOO (FA 10:1),33,22,0,0,0,0,0,0,0,23,23,25,32,0,0,0,0,0,23.996,29.9891,0,0,27.8211,30,33,0,0,0,0,0,0,0,24,0,0,0,0,0,0,0,0,0
PC 30:1+HCOO (FA 14:0),243.6013,213.4172,0,256.6521,155.6426,0,110.6275,0,198.154,199.4345,198.0777,207.698,149.7071,130.2364,0,0,160.5491,172.4183,209.9385,196.474,249.8718,203.5084,195.4541,281.5313,227.5754,333.063,227.615,235.0925,0,0,152.0328,149.0137,159.6391,188.7253,151.6674,174.611,123.8922,117.2393,0,133.3251,174.5566,186.1669
PC 30:1+HCOO (FA 16:1),104.5336,0,96.3472,0,92.6291,74.2322,106.0592,89.6493,131.0076,0,102.7377,66.3482,100.0972,99.8872,107.8603,77.4937,111.1258,102.4581,0,124.4818,160.1144,129.0837,0,0,124.7612,105.9435,80.4681,112.9029,0,0,62.2562,63.2769,70.1193,55.8418,77.3844,68.1407,62.7309,66.9306,143.787,0,76.523,100.9952
PC 30:1+HCOO (FA 20:0),72.7326,92.7998,0,0,0,0,0,0,0,85.5839,59,63.5115,0,0,0,0,0,0,139.4211,145.5375,0,0,112.204,164.222,118,82.5115,0,0,0,0,0,0,89,0,125.5115,0,0,0,0,0,0,0
PC O-32:7+HCOO (FA 20:5),15.9596,0,0,0,0,0,0,0,0,0,0,0,0,0,0,0,0,0,0,0,0,0,3.4443,0,0,0,0,0,0,0,0,0,0,0,0,0,0,0,0,0.1617,0,0
PC O-32:7+HCOO (LPC pe),23.9018,19.7819,30.5613,49.0325,0,51.3108,35.2619,24.1735,40.0161,7.662,20.1455,61.1349,60.2089,27.9426,39.0112,0,32.2016,11.9391,25.2676,55.1862,44.3408,32.8395,18.7266,55.6415,11.9561,63.2677,47.4542,30.541,0,0,30.4382,30.2073,12.3418,19.0802,48.181,77.085,65.5501,64.0634,23.5638,53.0229,21.9459,29.5957
PC O-32:7+HCOO (FA 12:2),27,0,0,0,0,0,0,0,0,0,0,0,0,0,0,0,0,0,0,0,0,0,13.5181,0,0,0,0,0,0,0,0,0,0,0,0,0,0,0,0,22,0,0
PC 30:0+HCOO (FA 14:0),1063.3078,999.2688,902.9884,989.6085,587.9213,613.6805,0,0,677.2342,886.7696,716.4019,730.9641,453.9894,377.2809,428.494,283.5986,916.0635,0,0,0,966.4115,1058.8027,1086.8731,1211.6503,1059.5103,904.5713,765.8467,709.9461,0,0,0,1111.1951,1299.5998,1403.7886,0,568.0528,473.2032,504.2085,798.2074,883.7939,716.813,603.4045
PC 30:0+HCOO (FA 15:0),105.9946,144.4975,117.2496,91.7226,89.5357,69.6081,34.4428,46.0846,0,113.3608,117.7194,116.6892,0,0,88.6958,96,0,115.2076,157.5976,183.3623,161.9108,152.1177,144.153,0,100.4369,0,118.4278,99.6139,0,0,88.2675,97.673,0,92.5553,56.395,46.4384,60.5118,67.0692,66.9304,88.3055,65.6868,88.3315
PC 30:0+HCOO (FA 16:0),382.0067,423.3522,371.9149,0,0,0,273.4065,213.7793,231.6324,0,238.0497,0,255.8147,162.3565,0,195.5877,284.1024,310.0896,403.8141,343.3204,0,333.1163,439.8119,338.8001,293.8117,340.5075,325.7286,353.9414,0,0,261.7245,0,328.9211,0,195.1223,273.7121,209.3426,0,343.3853,276.377,265.6301,0
PC O-32:7+HCOO (FA 20:5),26.7602,0,0,0,0,0,0,0,0,0,0,0,0,0,0,0,0,0,0,0,0,0,29.0712,0,0,0,0,0,0,0,0,0,0,0,0,0,0,0,0,0,0,0
PC 30:0+HCOO (LPC pe),33.621,16.0974,8.3141,2.662,0,0,4.3446,6.1358,0.7101,25.2838,32.5121,23.2727,0,22.6946,12.941,15.6509,15.3705,42.7985,20.6391,0.8419,19.7869,39.0699,24.4643,3.0162,27.6397,9.9405,12.4639,27.9075,0,0,0,0,11.5518,8.4086,26.218,8.6927,3.0304,0,52.1966,1.5667,20.6532,10.0644
PC O-32:6+HCOO (FA 12:1),12.9954,4.5945,2.8881,0,8,0,0,9.5027,4.4044,0,0,0,0,0,0,0,0,4.8331,0,0,0,0,0,0,0,0,0,0,0,0,0,0,0,0,0,0,22,0,0,0,7.6302,8.8907
PC O-32:6+HCOO (FA 20:5),77.4941,67.449,31.3221,0,0,0,0,39.6748,13.1579,0,0,0,0,0,82.6023,0,0,7.1211,0,0,0,0,0,0,0,0,0,0,0,0,0,0,0,0,0,0,42.4277,0,0,0,31.4521,58.4975
PC O-32:6+HCOO (LPC pe),17.5847,34.2307,22.6443,33.7175,6.6227,0,32.9651,22.8551,40.1998,29.7248,19.7677,29.0313,57.7216,50.227,43.6327,27.3154,33.8148,37.5502,49.9469,48.9098,31.5322,11.0551,16.6087,49.5988,25.3087,21.9321,30.2071,12.8147,0,0,4.1133,7.9602,0,0,45.5536,19.6139,30.5574,30.4767,0,26.6497,23.6392,22.0309
PC O-32:6+HCOO (FA 20:5),25.6724,33.2284,5.4017,0,8.7028,0,0,59.7614,0,0,0,0,0,0,29.3763,0,0,27.2125,0,0,0,0,0,0,0,0,0,0,0,0,0,0,0,0,0,0,17.7465,0,0,0,24.7885,14.3174
PC O-32:6+HCOO (LPC pe),25.8936,0,6.9754,14.1805,16.8657,0,0,0,3.2156,0,0,0,1.0852,0,10.4053,0,14.6917,0,0,0,0,13.3036,9.0873,17.1924,2.903,21.0926,0,22.2135,0,0,0,0,13.6112,0,0,13.1408,0,3.987,15.6469,0,0,0
PC O-32:5+HCOO (LPC pe),22.5415,3.9449,21.1087,0,0,0,0,0,0,16.374,0,0,0,0,0,0,0,0,22.2409,3.9174,16.0606,16.4691,14.9197,0,0,0,0,0,0,0,0,0,0,0,0,0,0,0,19.5707,0,0,0
PC O-32:2+HCOO (FA 14:1),22,0,0,0,0,0,0,0,0,0,0,0,0,0,0,0,0,0,0,0,0,24,27,22,0,0,0,0,0,0,0,0,0,0,0,0,0,0,22,37,27,23
PC O-32:2+HCOO (FA 16:1),558.548,419.5648,509.3716,551.8492,720.4567,684.5224,597.5185,0,818.8535,638.6974,566.3273,666.8573,461.5345,325.5915,641.6784,545.29,565.812,0,752.4151,740.1707,824.0131,753.8627,805.7016,852.8891,724.555,625.8625,695.9647,607.5594,104.9201,79,198.5958,235.7394,231.8146,306.1366,231.5565,0,315.6731,227.2385,969.2848,782.1694,872.7672,0
PC O-32:2+HCOO (FA 18:1),1380.3027,0,0,0,0,0,0,0,0,0,0,0,0,0,0,0,0,0,0,0,0,1892.5196,1860.3433,1851.3783,0,0,0,0,0,0,0,0,0,0,0,0,0,0,2171.6881,1734.5283,1966.1631,1748.4241
PC O-32:2+HCOO (LPC pe),410.1184,547.875,577.1797,429.5184,403.7208,380.1626,291.3309,364.6752,469.5873,439.9284,444.4892,409.7736,640.8015,483.0369,628.7903,598.1914,486.0779,555.8162,651.2878,616.7186,642.2313,700.6722,640.427,662.2967,526.124,434.8626,362.2013,421.1421,0,0,242.9032,180.1292,278.7274,289.6837,379.5962,0,340.9663,292.9392,513.7027,698.1484,426.5407,579.624
PC 32:8+HCOO (LPC pe),7106.2444,6101.9261,6484.0428,5190.7183,5804.7576,5254.2211,3598.1856,4221.3927,7351.7276,7430.8346,7615.3316,7600.0001,8713.5627,7419.3461,8658.2703,8422.2777,7641.7861,7203.5878,10274.354,9329.6385,9905.0129,9338.874,9490.9339,9626.451,6362.4818,6453.594,5239.6558,5635.501,30,23,2971.6392,3117.1402,3579.8828,3358.881,4670.8171,5107.3269,4115.3753,4364.4192,8599.2635,7964.7637,7471.8064,7243.878
PC O-32:1+HCOO (FA 14:1),32.654,42,0,39,0,0,0,0,28,23,37,27,84,54,69,52,62.654,77,104,106,48,62.6226,0,42.654,96,90.5282,0,54,0,0,0,22,0,27,23,32,33,0,91.654,47.9181,22.0754,57.1383
PC O-32:1+HCOO (FA 14:0),644.4778,649.6657,528.8048,618.7049,608.698,537.3177,370.3395,444.0457,834.2076,758.6336,770.8512,642.2971,836.2901,596.1837,858.9798,832.8274,1191.0738,1238.8772,1399.8055,1479.5498,1111.2873,1033.6645,1053.5983,1093.5669,1047.073,1037.5054,958.6561,902.516,0,0,621.1861,629.344,721.9942,730.3851,419.7966,377.9621,359.4149,365.9181,1205.4087,1062.3535,991.5275,1001.966
PC O-32:1+HCOO (FA 15:0),80.0435,0,105.9787,71.2487,0,0,39.9717,0,60.7701,0,0,0,36.9679,0,0,0,0,39.9751,38.9624,49.9616,85.9705,0,85.9613,0,0,33.3339,0,0,0,0,0,0,0,0,48.912,44.9783,0,0,0,0,0,0
PC O-32:1+HCOO (FA 16:1),1185.9056,1012.6392,944.1221,1231.2151,1028.2149,922.7333,577.7557,594.8479,1284.2238,1374.7727,0,1203.6781,1402.983,1126.5398,1416.9324,1294.6211,1912.4507,1893.1585,2300.1575,2308.4387,1863.7953,1742.3644,1886.4856,1744.5401,1745.9079,0,1438.7195,0,0,0,804.6635,808.4252,937.7788,1038.0773,705.9935,632.6413,489.2097,589.3332,1879.522,1723.4911,1560.409,1767.5726
PC O-32:1+HCOO (FA 16:0),591.3276,435.4456,395.7124,581.7281,808.7521,783.7855,0,880.139,1001.5203,940.4034,785.4231,0,690.4512,604.129,822.5763,0,778.4448,791.3577,888.2339,999.1732,875.3088,885.7255,836.5691,771.8294,588.5742,584.0208,510.1024,560.7905,0,7.0421,488.9861,359.9523,516.4144,707.2575,566.6752,418.7681,418.8435,377.0311,0,341.7813,0,475.8852
PC O-32:1+HCOO (FA 17:1),15.6297,0,40.9062,25.5941,0,0,4.3117,0,18.9439,0,0,0,10.59,0,0,0,0,4.3319,29.2894,26.2054,11.6885,15.9715,15.9752,0,0,6.2011,0,0,0,0,0,0,0,0,13.0853,16.5013,0,0,0,0,0,0
PC O-32:1+HCOO (FA 18:1),128.6253,200.5736,198.4853,269.9503,40.5171,62.4889,60.7772,54.6086,158.7822,177.0349,139.434,134.566,0,224.5056,248.1681,299.2657,240.9559,195.596,278.8717,254.2892,252.7231,300.7522,268.3291,346.4642,0,178.9918,239.6652,188.6326,0,0,91.6531,108.3078,0,76.5672,108.3177,64.4469,64.9333,109.9042,223.6286,270.8035,203.5761,241.4631
PC O-32:1+HCOO (FA 18:0),134.2498,121.0303,260.4163,252.0453,0,0,0,0,345.426,364.8851,386.8548,308.9967,109.8678,86.0774,164.3166,146.2474,0,125.8339,120.613,0,140.8907,93.5259,80.6106,105.3013,93.055,54.8411,95.2082,93.2039,0,0,0,300.5689,0,517.1728,119.1964,85.9883,92.2795,0,43.1353,0,72.4482,97.1545
PC O-32:1+HCOO (LPC pe),37,32,16.6357,26.0875,27,0,25,18.5823,45,40,38,32,28,22,45,0,52,50,71,66.8742,42,57,39,47,59,64.7333,37,32,0,0,32,24,28,32,27,22,0,29,34,75,35,44
PC 32:7+HCOO (LPC pe),1116.99,936.1334,926.8171,994.8764,643.8653,595.1545,537.2215,410.0912,1089.6279,1049.5246,1050.1814,757.4592,1779.9893,1119.5753,1670.787,1399.4751,1388.1775,1723.1318,1437.468,1750.2554,980.8734,1224.2549,882.8144,1237.4469,1268.2603,1141.6094,1453.6457,1129.8203,0,0,409.303,504.1317,488.3052,623.1004,2643.3714,2406.6977,2110.4022,1938.4677,1147.701,1158.6582,790.4897,1143.2625
PC 32:7+HCOO (LPC pe),2.9181,8.4968,11.0119,18.4124,13.0754,0,10.1069,0,0,25.371,10.4024,0,12.5597,16.654,23.7923,26.9523,12.1822,21.2137,25.3835,16.3734,16.3395,14.6036,40.8867,15.7609,11.5722,2.7861,17.9181,28.4968,0,0,7.4968,11.6226,19.5597,18.4968,13.0754,0,0,0,24.4653,0,4.9496,1.3081
PC 32:7+HCOO (FA 10:1),50.6447,0,63.2046,0,58.5857,27.5623,0,0,0,0,0,0,0,0,0,0,0,73.3083,0,0,0,0,0,52.6854,0,0,62.5567,0,0,0,0,0,31.7226,0,0,0,0,0,0,0,0,0
PC O-32:0+HCOO (FA 14:0),3108.7482,2761.9611,2715.3139,2792.7923,3223.6366,2824.6103,0,2133.3312,0,3897.9266,3259.1193,0,3977.9069,3078.9383,3961.0621,3522.9877,0,5632.1833,6224.2471,6729.7707,6067.6602,5653.0514,5499.1736,5865.2418,5433.6061,0,4428.2016,4611.3078,0,0,3428.8185,3595.3587,0,4305.2629,3301.2937,2982.3979,2683.8878,2723.5759,3430.6164,1791.3312,3062.0202,3053.9126
PC O-32:0+HCOO (FA 18:0),222.7699,208.4762,225.7596,248.1958,78.1178,59.3032,57.6688,86.7827,169.1086,123.7678,147.2928,168.9415,167.7748,157.9302,0,188.413,163.8268,0,231.5086,269.6915,186.8545,278.8063,308.1084,248.2948,0,348.7378,224.6067,262.4598,0,0,55.8516,56.6699,70.3364,54.1968,118.4673,98.0693,71.5852,90.0476,170.3117,44.2412,140.9736,0
PC 32:7+HCOO (FA 22:6),10.1777,0,13.8934,0,4.6455,8.0808,0,0,0,0,0,0,0,0,0,0,0,0,0,0,0,0,0,10.4243,0,0,21.5,0,0,0,0,0,0,0,0,0,0,0,0,0,0,0
PC O-32:0+HCOO (LPC pe),43.6174,64.9231,15.8443,123.4255,228.1166,91.5528,54.734,98.1616,0,0,1.3541,319.2338,0,51.1151,0,0,3.6998,0,193.1873,0,118.086,0,225.3884,76.6302,146.8277,139.1617,0,167.1529,0,0,107.4027,83.5152,123.822,98.8155,0,0,0.0308,0,0,0,191.2027,0
PC O-32:0+HCOO (LPC pe),113.2327,106.0668,131.2924,85.4117,97.4166,104,70.232,69.3155,114.7923,119.2266,139.2307,151.4968,164.5404,138.2822,148.3296,100.5169,163.3216,153.9483,177.8112,248.8235,238.5999,169.3618,180.3669,213.1872,172.6407,180.23,169.4969,201.7523,0,0,97.5825,144.5926,120.9303,106.9096,137.4166,104.654,106,105.0439,149.547,73.3332,157.4695,135.0675
PC 32:6+HCOO (FA 12:1),25.9698,27.3799,42.394,33.2463,0,0,0,0,0,0,0,0,0,0,0,0,0,10.5866,0,0,7,0,35,0,0,0,0,0,0,0,0,0,0,7,17.4761,15.9091,16.9668,61.4761,8,0,23.826,0
PC 32:6+HCOO (LPC pe),10.7468,0,18.3123,0,0,0,0,0,35.3544,63.6067,3.7048,0,0,10.3087,29.2634,0,0,0,0,33.3056,31.8216,25.6965,0,1.935,0,76.6728,20.663,0,0,0,18.8899,3.7504,0,0,0,0,0,0,0,0,10.2133,21.9515
PC 32:6+HCOO (LPC pe),2.1652,5.2056,0,14.556,14.1538,0,5.651,0.5966,0,7.7977,2.6653,0,7.582,0,0,0,11.6008,25.2057,29.7255,0,0,13.0032,6.087,0,0.688,0.8491,8.0149,0,0,0,0,0.1135,3.0773,5.3487,0,0,0,0,0,4.1071,11.1175,4.9399
PC 32:6+HCOO (FA 20:5),64.8512,76.6372,58.5325,45.9447,0,0,0,0,68.2108,0,0,0,0,0,46.8887,0,0,39.5116,0,0,75.1705,0,50.4193,0,0,0,0,0,0,0,0,0,0,24.4168,25.8711,52.9447,52.8443,35.9877,21.6867,0,20.9098,0
PC 32:6+HCOO (LPC pe),116.8857,121.3577,65.2851,84.025,83.5111,58.3208,84.68,86.375,70.097,75.5712,80.7915,23.0952,124.1043,49.5613,94.4948,122.4457,112.8024,127.1924,90.6145,132.9851,71.2796,147.3888,142.9723,115.3016,118.0826,97.6434,118.3606,91.0187,0,0,41.2001,60.2883,60.8874,69.5633,0,58.1807,49.1352,69.8845,81.9974,90.093,100.621,112.8469
PC 32:6+HCOO (LPC pe),101.5423,97.8603,108.9398,149.7215,99.3703,152.2087,87.7122,85.3204,107.4299,118.1517,61.3758,100.569,142.223,83.7799,189.0566,75.3169,174.233,172.3085,159.3799,186.8726,162.4366,147.5627,124.9137,173.0459,139.5229,128.5792,138.1087,117.3834,0,0,62.7793,88.9545,88.5551,109.3902,73.9808,126.5075,122.9242,78.2586,144.9112,157.136,123.5861,159.0209
PC 32:5+HCOO (FA 20:5),76.6086,0,20.2139,0,0,0,0,0,2.3785,49.909,9.4058,34.7099,14.8934,0,0,0,0,0,15.0849,0,0,15.6263,42.4405,35.6103,17.5347,0,0,0,0,0,0,0,0,0,0,0,96.2665,0,0,0,0,0
PC 32:5+HCOO (LPC pe),0,0,1.6092,17.0179,20.6882,20.8023,4.6075,0,29.7124,8.1651,42.1513,50.806,0,26.4698,42.7951,16.4965,12.842,59.0274,52.4792,26.0856,28.1708,9.206,0,18.4437,7.6124,27.295,35.0485,22.8672,0,0,26.7552,9.8597,5.8457,0,47.2358,3.9295,15.6565,11.9764,11.5936,38.9907,30.8452,0
PC 32:5+HCOO (FA 12:0),19.9548,0,0,0,0,0,0,0,0,0,8.5901,12.0241,0,0,0,0,0,0,0,0,0,14.2252,25.0709,0,25,0,0,0,0,0,0,0,0,0,0,0,0,0,0,0,0,0
PC 32:5+HCOO (FA 20:5),40.7285,0,20.4512,0,0,0,0,0,18.6086,0,15.816,3.1271,0,0,0,0,0,0,0,0,0,0,27.9639,24.0894,0,0,0,0,0,0,0,0,0,0,0,0,0,0,0,0,0,0
PC 32:5+HCOO (LPC pe),85.1072,133.75,109.8247,106.043,68.7472,63.6723,75.6214,72.7768,33.6369,82.8701,65.9929,57.3082,65.0255,75.4286,69.0148,89.3307,87.973,50.439,66.3328,78.7872,77.8491,52.5158,139.2986,102.0533,72.3192,73.1701,74.8492,74.2533,0,0,74.5795,82.4673,108.5359,105.411,59.527,84.3203,84.467,122.2083,97.9981,48.273,57.9469,87.6164
PC 32:5+HCOO (LPC pe),143.0196,95.8507,145.9469,156.9338,96.0584,137.9139,101.0235,61.8842,115.9986,101.4644,100.6832,90.0754,99.8627,101.2359,98.4737,111.0656,131.2043,85.1367,113.7477,149.3648,107.8832,110.932,121.6625,100.4818,77.4036,91.9284,143.4121,108.4397,0,0,124.7948,119.7298,104.2839,89.7737,119.1044,126.5547,106.5023,131.2331,96.7468,101.2288,101.2494,136.6769
PC 32:4+HCOO (LPC pe),4.1296,0,0,42.687,0,3.7384,0,0,15.5713,0,0,19.3624,0,0,19.7398,1.9166,0,31.4963,25.7864,1.687,4.9148,28.7795,0,0,0,2.5102,0,0,0,0,1.1022,0,0,0,13.7463,0,0,0,0,18.3243,9.6894,0
PC 32:4+HCOO (LPC pe),34.8646,10.0722,35.2962,82.3549,33.3837,26.2673,14.7882,38.4109,18.2261,32.463,36.1141,14.7225,40.4898,18.2545,8.4192,42.8115,12.2925,11.1934,17.1827,29.2799,24.8987,28.9586,26.0285,35.7415,36.0475,0,32.6634,25.3507,0,0,32.8079,34.6015,20.4027,7.0757,13.7561,24.5123,28.1339,17.8665,38.8397,0,33.2911,24.7781
PC 32:4+HCOO (LPC pe),28.23,59.5432,47.7837,88.0414,44.9118,12.7438,32.1498,17.3986,34.8771,54.0672,17.2211,58.6599,19.1936,16.699,29.1978,36.4751,25.599,24.1518,25.1347,11.9691,30.9718,33.336,31.544,38.7229,21.4029,0,23.017,9.0825,0,0,23.2436,19.1652,34.2834,21.1287,9.2241,25.4677,28.9291,19.3529,47.6295,0,53.0976,36.8884
PC 32:3+HCOO (LPC pe),4.3361,31.5317,12.9531,21.9487,37.3444,16.9886,36.839,30.4414,56.5998,21.46,25.7589,43.0753,14.4908,28.766,44.2078,30.914,21.7745,23.1899,23.2276,21.9991,39.0365,26.6655,41.1917,34.835,11.7437,0,27.44,32.7343,0,0,35.2872,27.2519,0,46.2627,27.5234,0,0,30.4404,0,21.8416,26.0885,36.7124
PC 32:3+HCOO (LPC pe),18.114,0,0,0,0,0,2.1996,0,0,0,0,0,0,0,0,0,0,0,0,0,0,0,6.8503,3.0874,0,0,0,0,0,0,9.1532,0,0,0,0,0,0,0,0,0,0,0
PC 32:3+HCOO (LPC pe),174.8793,173.4673,192.8763,175.1374,396.4615,366.2403,338.9361,259.537,284.711,228.6423,246.6201,263.7781,296.3504,305.9427,251.1462,283.3357,273.914,278.3825,253.4396,293.8347,193.7326,243.4442,226.1516,192.3063,199.6435,261.8336,457.2098,227.4551,0,0,323.6633,341.959,297.5013,288.7118,422.0299,314.2564,341.7058,353.8011,259.7363,211.5011,220.6382,202.2196
PC O-34:9+HCOO (LPC pe),0,0,0,29.6584,0,0,0,0,0,12.1903,0,0,0,0,0,0,0,0,0,0,0,0,0,12.5431,3.343,0,0,10.1876,0,0,0,0,0,0,0,0,0,0,0,0,0,0
PC 32:2+HCOO (FA 14:0),23.732,29.4509,19.28,0,27.7253,22.4995,16.5555,0,0,0,21.2664,0,0,0,21.7879,0,20.3753,0,0,20.7901,0,0,22.8397,21.5997,0,29.858,22.3639,27.1937,0,0,27.5958,37.607,28.2924,30.5086,28.9097,0,0,0,19.7092,0,0,28.4812
PC 32:2+HCOO (FA 16:2),89,81,64,65.732,57.9648,67,47,64,66,0,0,45,49,52,45,79,91,52,81,61.8943,64.3459,73.989,95,103,59,81,55,52,0,0,98,74,74,88.3899,50,27.3723,57,54,76,60,84,62
PC 32:2+HCOO (FA 16:1),860.6147,744.206,857.446,859.7155,561.1483,575.714,0,0,940.6132,816.8553,731.3309,818.2396,596.6953,483.9502,572.2509,598.9,555.7351,657.3405,943.651,0,703.5719,723.122,727.5134,776.4402,847.3663,896.9976,0,853.4312,0,0,344.0325,338.1074,0,0,437.48,287.5693,424.4839,398.5645,1155.3124,1009.6196,938.4805,973.4608
PC 32:2+HCOO (FA 16:0),340.2638,362.4999,409.4628,387.8936,0,333.0035,416.588,491.5174,507.2474,499.7196,467.4562,407.4875,535.2036,545.3365,585.4702,0,464.5138,486.6838,576.5012,438.7397,389.1426,462.0332,370.5627,0,445.5057,450.2439,555.208,470.2187,0,0,444.2524,375.2021,454.6542,467.3705,0,0,245.9327,289.0015,273.3867,261.8843,0,448.6817
PC 32:2+HCOO (FA 18:2),60.3866,28.2152,6.9304,0,48.5162,38.7779,40.7142,0,0,0,24.2647,0,0,0,43.6638,0,45.3889,0,76.6136,17.5657,19.748,0,24.098,52.1079,0,78.2792,25.4903,43.7704,0,0,29.5468,36.4339,58.8403,27.5648,18.7653,0,0,0,30.7901,67.5206,0,39.5788
PC 32:2+HCOO (LPC pe),97.427,95.8327,93.0057,46.4548,59.968,119.9677,65.0328,88.8378,71.6473,159.559,62.2527,56.7727,122.0474,77.0042,92.9506,40.6825,86.8259,110.9857,80.2608,40.2744,80.9674,64.7895,80.2868,57.1267,71.9631,55.7092,64.8405,61.5426,0,0,114.6186,121.7411,99.7943,69.4105,107.0161,87.0496,81.5467,106.6798,55.9081,41.5381,88.7378,57.5905
PC 32:2+HCOO (LPC pe),20.4159,0,0,0,0,0,0,0,0,0,0,0,0,0,0,0,0,0,0,0,0,0,0,0,0,0,0,21.6765,0,0,0,0,0,0,0,0,0,0,0,0,0,0
PC O-34:8+HCOO (LPC pe),89.8235,79.645,52.6475,97.7214,101.0068,40.8933,61.2185,47.5013,113.2845,80.1017,122.2166,134.6428,109.2486,89.6124,114.3946,162.1903,126.2027,64.205,160.6923,135.1061,91.359,148.8806,4.5555,158.9058,124.8741,88.5895,115.0681,104.5277,0,0,23.3889,5.6935,42.9405,72.4899,0,39.4765,54.6673,21.8774,64.5223,89.3887,79.0036,90.4437
PC O-34:8+HCOO (LPC pe),15.5821,0,0,0,0,0,0,0,0,0,0,0,0,0,0,0,0,0,0,0,0,0,0,22.7319,0,0,0,0,0,0,0,0,0,0,0,0,0,0,0,0,22.7596,21.833
PC 32:1+HCOO (FA 14:0),246.4806,0,227.438,272.112,292.42,276.8642,193.1834,224.9947,219.5124,294.9419,249.0812,299.7584,240.2595,176.9897,178.6079,169.9696,289.8683,308.0294,354.4098,371.3791,385.4347,390.3863,349.0971,321.0734,313.0453,0,308.6231,312.6703,0,0,359.7864,356.034,364.9907,473.4586,0,134.9849,131.9804,144.9926,318.1912,0,220.2442,241.5839
PC 32:1+HCOO (FA 15:0),280.7923,246.0119,271.0439,0,0,169.0495,104.4968,106.5011,302.4778,310.8263,303.2766,262.3127,218.9181,203.7609,240.025,258.8867,0,0,0,0,310.5475,259.7645,312.654,294.5375,0,208.6036,0,207.5282,0,0,120.9181,146.2174,0,180.7294,154,138.9181,0,125.5601,237.8677,0,268.0496,0
PC 32:1+HCOO (FA 16:1),3669.2485,3465.885,3393.1458,3501.9972,2176.9387,2272.854,1566.5156,1413.4985,2363.3095,2410.7773,2259.6742,0,1630.7164,0,1556.2892,0,2679.8593,2680.1872,3321.6448,3088.4311,2950.1324,0,3355.7869,3032.7138,2438.57,2465.1161,1991.9622,0,0,29,0,0,2311.8682,0,1722.5084,1457.6856,1112.1821,1227.6543,3727.4604,0,0,3213.5119
PC 32:1+HCOO (FA 16:0),2153.7736,2175.4165,0,2300.7314,1251.0596,1191.6107,968.0569,893.7542,1290.5341,1369.6315,1237.3894,1408.1528,1064.7491,935.2426,1075.7795,1147.6309,1277.6943,1240.9888,1528.4426,1552.142,0,1712.725,0,0,1840.088,1677.5796,1868.3636,1575.9519,37.9901,24,1043.8104,1052.8511,1150.8215,1243.1604,1801.8245,1408.9184,1168.2364,1165.582,1466.0761,0,1431.4542,1456.3597
PC 32:1+HCOO (FA 17:1),114.6074,111.8455,120.6838,88.3523,89.1096,115.1152,0,0,122.2246,112.9283,145.1969,92.2404,168.3024,146.5011,170.2366,146.4774,202.2843,200.7182,206.4655,203.7988,209.1166,171.6266,186.2497,190.6295,136.6769,205.2184,112.3542,154.6394,0,0,75.2948,77.4405,124.0006,95.0327,81.0922,103.1221,87.2877,92.8058,110.7582,0,69.0099,110.8286
PC 32:1+HCOO (FA 18:1),242.6996,210.1249,387.5279,449.9276,257.7273,176.1993,284.7868,250.5423,478.5777,345.8432,382.5246,258.6951,443.3925,322.7988,389.6439,451.3991,303.3986,456.1765,334.3701,329.9124,152.2347,285.442,860.1769,304.8016,418.167,442.929,581.1199,477.5547,0,0,237.6954,206.9681,381.9646,225.6983,715.3403,351.9149,301.7439,260.7446,419.3139,0,538.6491,400.1815
PC 32:1+HCOO (LPC pe),18.7159,37.8032,45.6423,29.9046,0,20.6745,10.6766,8.8953,27.0426,18.7707,11.8055,14.5235,27.6123,0,17.9383,2.4291,0,40.4032,0,16.9453,38.5392,15.1247,76.1423,0,0.7776,37.1117,14.191,23.7904,0,0,30.8562,38.6511,30.3947,40.7617,49.9745,12.4609,4.559,35.9164,40.8644,0,69.1184,57.0517
PC 32:1+HCOO (LPC pe),37.6662,34.9654,34.9722,66.9489,0,34.9926,34.9714,0,53.9797,22.9686,46.99,34.9659,26.9889,31.9903,33.983,33.9788,33.9851,54.986,46.9854,38.993,54.982,41.9806,66.9507,42.9827,66.9876,64,68.9866,31.5702,0,0,26.9451,0,26.9801,0,32.9946,43.9852,0,41.9888,36.9723,0,36.9738,30.4715
PC O-34:7+HCOO (LPC pe),34.089,32.9817,37.245,66.998,32.0524,8.444,17.6761,27.2631,33.12,40.3603,30.6707,18.1544,54.6483,35.474,32.3913,57.8881,67.823,23.5241,68.1216,42.264,31.0616,42.076,31.5305,61.2462,19.1882,55.2206,28.2754,52.8469,0,0,22.8689,7.19,3.3167,1.392,45.1633,34.6291,48.706,28.4982,62.2239,31.3846,42.3894,53.4677
PC 32:0+HCOO (FA 14:0),76.5645,94.3807,81.8341,61.9922,75.7184,54.0828,51.5896,40.686,135.3618,110.6433,80.0377,87.7708,0,0,117.948,73.5401,110.831,107.1214,120.739,163.6692,155.7829,163.9488,146.6233,0,145.0656,155.6326,137.5361,84.7499,0,0,15.1522,59.6611,91.9519,37.2781,89.9453,58.0134,47.4582,94.5316,51.4324,0,30.0589,62.3131
PC 32:0+HCOO (FA 15:0),1080.7852,1065.1671,1116.2814,0,796.684,814.0116,394.5823,0,1075.1942,1107.9574,1000.4246,1036.8422,902.0143,774.9921,957.9452,744.5361,992.6163,1004.6048,0,1053.1146,0,1470.1608,1350.922,1390.187,650.2586,734.9476,0,844.8195,0,0,0,0,0,0,0,815.3725,741.8519,626.1507,0,711.0691,706.5269,744.9858
PC 32:0+HCOO (FA 17:0),77.9327,89.7064,106.8009,84.8241,135.9127,0,0,96.3686,164.2857,133.2155,0,0,136.8656,123.4564,132.399,0,0,173.3236,169.4556,170.608,185.7548,173.1373,187.0308,199.1427,98.0986,123.6985,139.0898,94.4419,0,0,77.0147,114.3881,66.73,122.2167,131.5946,102.4765,0,65.3152,96.9414,78.5635,0,68.425
PC 32:0+HCOO (FA 18:0),87.8632,80.0479,0,82.9834,46.944,54.4951,49.1969,85.9395,32.3207,47.8349,33.2381,56.1582,64.085,68.8087,52.7631,57.8538,53.0459,16.5961,80.1252,67.2155,50.7379,79.5258,48.5982,78.8178,0,0,53.8431,59.5685,0,0,48.4321,24.6419,35.0028,51.8308,75.3886,64.903,54.7246,0,65.7992,56.8988,54.987,48.5902
PC 32:0+HCOO (LPC pe),72.408,50.1249,18.3298,35.6336,34.623,39.3925,14.4241,7.6016,28.825,24.782,44.5897,45.8645,19.251,41.9774,39.6469,41.3063,13.0732,42.5599,20.687,39.7291,57.7594,61.5037,39.1579,40.815,42.9088,9.4304,43.7932,21.4669,0,0,22.0468,25.2753,57.6943,66.1119,23.881,38.0725,35.8609,25.0533,11.6482,30.9165,70.3976,0
PC 32:0+HCOO (LPC pe),43.2437,55.5715,78.9413,41.967,39,32.5572,3.5684,26.4049,16.5501,29.8944,13.234,52.5713,22.7756,6.1396,31.0893,27.0915,24.0882,28.0197,29.2364,24.4488,21.0218,44.2693,52.0869,50.9802,45.0814,4.2689,19.7854,33.7269,0,0,46.2677,44,30.7802,30.8238,14.6102,18.8177,25,12.8699,17.9303,11.8238,23.1431,48.8956
PC O-34:6+HCOO (FA 12:1),0,0,18.1521,0,0,0,0,0,0,0,0,0,0,0,0,0,0,0,0,0,0,0,0,0,0,0,0,0,0,0,0,0,0,0,0,0,0,7.5118,0,0,0,0
PC O-34:6+HCOO (FA 22:5),7.0719,0,22.8893,0,0,0,0,0,0,0,0,0,0,0,0,0,0,0,0,0,0,0,0,0,0,0,0,0,0,0,0,0,0,0,0,0,0,4.9333,0,0,0,0
PC O-34:6+HCOO (LPC pe),8.3745,17.687,35.0265,23.3252,0,11.9024,17.885,13.2615,20.064,30.5553,0,6.2362,26.7879,0,22.3033,12.271,30.9798,0,24.37,25.5062,3.5644,13.0404,18.2808,0.0669,23.2954,42.1413,17.7962,31.047,0,0,0,5.7537,11.9637,0,0,0,0,21.2155,22.6694,13.3852,0.3298,28.1035
PC O-34:6+HCOO (LPC pe),6.0831,0,0,11.4845,0,0,14.9412,0,0,17.8433,0,0,9,0,8.5827,0,5.2723,0,0,8.3408,2.7795,2.0143,0,0,0,0,16.5541,0,0,0,0,0,2.7825,0,0,0,0,0,0,17.0666,9.6621,0
PC O-34:6+HCOO (LPC pe),11.2766,23.7299,22.1172,16.801,22.7725,18.9205,0,23.0138,19.0802,9.5868,35.0137,22.6532,0,0,14.0094,8.5912,2.4419,9.5004,19.8712,0,25.5502,15.1726,26.1688,35.5559,16.4525,8.9502,13.0445,8.374,0,0,5.0772,25.8446,14.8512,13.2288,15.6272,9.4693,26.9632,24.2617,11.454,17.2904,32.634,4.5565
PC O-34:6+HCOO (LPC pe),18.2067,27.7489,25.0488,32.1459,0,6.8171,15.5739,0,4.6982,12.4975,14.6504,21.1931,28.0948,34.8283,39.8791,16.7275,39.6604,0,30.2165,23.8433,33.8141,0,15.5892,43.0913,2.2803,18.8779,31.0333,23.2882,0,0,27.6531,0,33.1867,5.0527,43.3345,11.7955,16.8238,18.9886,17.6155,0,20.2962,5.6905
PC O-34:5+HCOO (LPC pe),19.247,16.3129,15.3658,30.6351,22.5157,48.6986,29.2721,12.0914,0,10.0781,3.1457,10.3179,31.3244,33.2612,19.9359,31.1134,19.3712,17.8413,29.4931,20.128,32.4434,21.5632,23.4403,0,18.5269,23.8963,4.6872,0,0,0,52.1307,12.2208,20.2907,0,12.8772,0,0,0,28.7008,0,0,19.0358
PC O-34:3+HCOO (FA 16:2),32,40,30,37,23,28,0,0,0,0,23,22,25,0,27,34,40,32,30,37,38,23,27,40,28,0,30,0,0,0,0,0,29,25,0,0,0,0,33,22,35,34
PC O-34:3+HCOO (FA 16:1),133.2974,96.3789,119.049,124.6416,110.7601,105.718,66.4353,82.9617,111.7491,119.7569,71.0712,80.1483,55.9155,95.6862,0,54.635,70.0018,82.9408,93.1869,71.9398,114.5286,70.3754,109.747,127.9919,124.1079,0,82.6579,89.9953,22,0,74.1392,51.3391,32.8408,55.7265,50.3824,0,26.0575,46.6719,138.2605,110.4401,101.435,110.6276
PC O-34:3+HCOO (FA 18:2),386.4076,319.9371,0,335.0959,0,510.3293,452.6437,401.9875,408.7807,337.4301,432.9474,433.1735,344.5711,292.1249,509.6619,453.8077,452.1888,447.4705,615.1522,503.2494,509.6979,617.7202,529.8614,600.9991,0,0,603.9812,381.3121,79,0,229.9766,204.1851,0,305.145,395.8843,332.8504,331.0939,252.7862,446.4626,359.8901,381.5769,389.1333
PC O-34:3+HCOO (FA 18:1),5522.3372,4274.6285,5216.4071,0,4439.03,4774.7975,0,0,0,0,4939.3138,5141.4085,2928.7,0,5001.1654,3501.8827,3655.7876,3654.6548,5214.2621,5218.3843,5961.6937,5735.7034,6374.4412,6466.3169,4364.6426,0,3864.3814,3583.8837,0,0,0,1670.2437,2219.4572,2613.8613,0,0,0,0,10289.1745,8682.8648,7652.0499,8945.9576
PC O-34:3+HCOO (LPC pe),32.2908,0,0,23.7945,0,23.1678,0,0,0,0,0,0,21.835,36.3266,26.1949,0,0,22.3433,0,0,0,0,0,0,0,0,15.9791,0,0,0,0,0,0,0,19.4893,0,0,0,0,0,0,0
PC O-34:3+HCOO (18:1(d7)),277.3406,303.0813,271.4732,358.8615,540.8087,576.0891,0,0,0,0,446.0819,462.9834,534.2513,0,472.9951,479.6386,370.8452,0,358.4522,377.6729,331.6534,348.2246,361.4079,327.6976,358.5952,0,467.7901,467.6404,0,0,0,764.8829,631.305,512.5102,0,0,0,0,373.5329,0,0,395.7776
PC 34:9+HCOO (LPC pe),87.0382,101.9026,95.9082,106.9128,148.8656,126.1809,100.4434,131.9278,116,154.9398,132.3679,115.2922,130.8528,72.5014,132.5827,124.8142,127.8843,109.8526,137.8196,105.8646,80.7433,147.8712,63.8542,159.252,142.3642,0,166.3292,142.2997,0,0,156.6887,136.927,90.8788,147,87.1205,98,118.2692,108.3502,119.8286,52,106,120.463
PC 34:9+HCOO (LPC pe),75.9913,89,79.9963,99,127,111,103.3739,145,123,115,98,98,115.5645,92.1667,91,108,102,108,90.9765,88.9617,98.9977,76.4735,68.8957,96.5542,103.9914,22.9935,96.1655,102.548,0,0,153,123,154,140,109.6072,108.3453,137.8772,96.7328,84,25,78.9942,95.907
PC O-34:2+HCOO (FA 14:1),35,0,28,32,0,0,0,0,0,0,0,0,25,32,37,0,34,32,28,66,37,55,34,45,57,38,52,30,0,0,0,7,0,0,0,0,0,0,30,0,32,22
PC O-34:2+HCOO (FA 16:2),96.9096,0,0,91.7924,0,80.9617,71.654,50.654,57.9496,84.0754,0,80.6721,111.5905,151.0754,114.838,166.3143,0,213.614,215.0016,186.3081,191.1678,174.8273,0,157.4467,185.9428,182,129.052,164.2995,0,0,97.5282,132.1069,113.1169,0,74.654,115,0,93,76.981,30.654,50.9496,73.4653
PC O-34:2+HCOO (FA 16:1),5769.7178,5342.589,4892.3928,4707.1698,2928.5215,2991.1485,0,1823.3769,3767.6429,3765.8964,3237.5712,0,3204.3912,0,3376.2687,3114.9269,3660.5155,3815.4942,5283.758,4985.9802,4724.4597,4402.2919,4602.1958,4433.4788,3552.4206,3877.0046,0,3157.1725,11.654,0,1605.8689,1756.9429,1854.2269,2108.1951,1707.4998,1579.4842,1423.0057,1394.0819,8701.7795,4381.8033,6792.9965,8077.8381
PC O-34:2+HCOO (FA 16:0),168.4725,195.5862,188.7322,204.2199,142.0368,180.3218,205.0723,229.4192,155.7425,142.3478,157.1278,194.7249,169.0254,168.4777,189.7967,194.2969,185.9068,216.7703,261.0923,270.4378,231.6605,188.9737,214.8016,0,291.2662,345.3747,244.5529,241.7739,0,0,207.599,0,183.2388,157.6229,207.8171,157.4171,114.6498,126.5079,156.1605,78.132,142.2546,113.7876
PC O-34:2+HCOO (FA 17:1),105.4778,109.7809,87.4621,101.5686,45.1392,38.8791,29.9643,57.1717,69.5271,80.7785,48.5969,46.3187,54.5635,75.5108,96.6362,92.1686,72.7325,74.9881,116.3657,95.0347,93.9921,90.6222,83.217,61.1556,85.8847,147.3515,150.2559,120.895,0,0,0,27.8333,44.6618,20.8904,0,107.1683,34.0029,59.8556,0,31.3932,75.5826,77.9883
PC O-34:2+HCOO (FA 18:2),277.0809,276.0295,215.2938,279.6586,385.9787,297.1251,238.8788,224.6469,377.1507,358.1746,329.1198,346.372,231.6689,227.708,273.994,261.2351,346.8554,366.8406,392.837,343.9727,331.0882,294.0104,374.016,285.8744,407.1518,361.2527,406.767,388.2378,0,0,377.5999,351.8275,399.0079,418.3901,265.875,240.5223,223.4136,178.6119,264.2435,88.4643,187.4223,274.1528
PC O-34:2+HCOO (FA 18:1),8846.1169,6856.3597,8468.2734,8327.4428,7694.2762,0,5823.5464,5795.5211,7388.9583,0,5412.678,5834.0126,4348.6006,3817.8522,6623.4457,5175.1196,5194.6618,5430.5352,0,7214.439,9389.1192,8714.9556,9261.5325,9359.698,6647.093,7578.8552,6280.3537,6087.163,0,0,2454.8969,2321.9433,2733.2648,3379.5905,5108.3042,4993.6839,4513.2346,3139.9005,7873.6746,0,6194.2767,7707.3211
PC O-34:2+HCOO (FA 18:0),21508.9688,15318.4096,20567.6443,19728.4846,16672.8276,15961.3779,13467.3194,13314.6996,14138.6545,12554.7557,11173.8943,12893.0714,8147.327,7385.7126,13670.0647,10000.7972,10584.4093,11224.9256,15098.0236,15619.9479,20602.9463,21568.0263,20456.9146,22228.4869,16181.2015,17000.8778,14463.8017,12769.3206,0,0,4692.792,3826.524,5251.6359,5844.7965,12267.2883,11375.9404,10141.8095,0,18521.9973,7540.0148,13655.0724,16653.3359
PC O-34:2+HCOO (FA 20:1),71.4933,0,66.0798,90.8002,0,0,0,0,0,0,0,0,26.2045,22.7391,35.1213,0,57.3454,51.7716,37.5047,40.7525,68.9991,66.8927,66.4143,73.2508,40.4241,52.2368,38.0401,15.8468,0,0,0,56.2713,0,0,0,0,0,0,51.8389,0,44.5457,99.7616
PC O-34:2+HCOO (LPC pe),78.3973,34.5103,44.0097,56.3079,16.0949,35.1622,30.2888,0,36.2954,20.5596,28.6389,71.5962,37.6529,38.1313,0,38.1257,27.3433,27.8652,35.5363,71.1948,78.7575,15.676,66.7119,15.9282,61.8075,147.9201,4.3783,47.8304,0,0,0,17.0713,20.9412,8.202,29.5782,21.8013,0,8.6537,55.0376,21.6497,58.132,52.6075
PC O-34:2+HCOO (LPC pe),104.0885,87.085,103.9324,52.7013,15.6269,43.2409,16.2481,2.9362,44.7804,51.0874,67.2397,39.2397,41.6591,24.9945,88.0083,40.856,60.0862,47.856,64.0179,89.1007,91.7025,92.6735,97.8961,67.171,69.0141,83.621,35.8413,68.9424,0,0,1.6293,51.7804,13.0909,25.6281,26.1622,20.5672,0,25.1378,95.7769,75.5407,114.4718,105.3545
PC 34:8+HCOO (LPC pe),210.408,221.5972,244.1269,212.0645,192.9299,172.978,155.3141,167.3591,252.0291,240.2356,195.5512,242.5381,220.7334,181.3577,240.2376,220.3813,253.1244,275.1946,328.5621,335.4759,307.9026,302.3526,306.6205,318.1494,330.4028,269.6567,316.9177,315.5682,0,0,126.922,76.4994,96.4923,101.871,115.3681,105.7142,94.7904,110.5188,248.4039,213.0458,127.0759,204.6994
PC 34:8+HCOO (LPC pe),63.2564,70.4068,52.7236,111.3777,131.0244,67.6225,100.3164,91.0841,91.9452,75.782,78.7047,81.779,110.9437,84.6669,51.6017,84.3685,121.9397,119.5999,103.521,105.3275,97.3809,96.4933,89.6832,103.1918,133.8265,126.4391,98.2113,94.3146,0,0,115.5554,91.1766,82.2308,99.6376,25.2634,29.2248,59.8362,62.8083,92.4976,114.4802,29.2038,117.5071
PC O-34:1+HCOO (FA 16:1),20083.2914,18446.2083,17516.537,18176.1263,18616.7937,17766.6733,12664.3117,11288.3589,17758.7622,17595.9784,16323.2445,16561.3298,17930.6537,0,18589.523,0,0,23983.176,31100.3694,28836.1561,28850.6858,27919.4646,19579.7922,28631.5108,23125.6018,22615.6319,0,20178.7673,0,0,8499.9932,0,0,11808.3901,12099.8422,11658.6612,9367.1874,9864.531,28825.1246,26860.7342,0,24291.7851
PC O-34:1+HCOO (FA 16:0),13560.1446,12272.3318,12550.1747,12804.2938,9445.1518,8863.5077,6978.4253,6813.9822,10520.6835,0,9258.6482,10594.6893,10745.9834,9268.7192,11320.2342,10789.4637,13941.3647,13865.9902,17128.6998,16017.1719,0,15985.4564,11608.4731,15594.6998,14101.2999,13639.1062,12767.4436,12170.6873,0,0,0,6446.4363,7729.9159,7967.8048,7979.5566,0,6403.8615,0,15266.4973,15700.8602,0,13811.6369
PC O-34:1+HCOO (FA 17:1),341.5723,266.9502,264.0711,313.9536,144.8683,152.2076,107.7939,117.9665,147.7211,157.454,117.1935,147.8609,150.8307,146.427,147.1474,120.5737,164.1418,226.5559,266.4749,235.8446,209.7525,226.0147,182.055,266.1172,234.5817,212.132,219.2125,148.7202,0,0,0,0,156.816,131.88,152.4918,92.3485,110.9214,128.6637,223.8883,198.967,93.0489,240.2145
PC O-34:1+HCOO (FA 17:0),55.5213,53.818,40.4292,68.0017,21.9856,31.9498,33.1834,12.985,44.6913,37.0681,45.7079,0,0,21.6606,16.7637,9.2693,49.5722,20.9735,16.098,17.4513,37.0751,32.0033,35.0002,0,21.1835,26.4842,25.796,30.9923,0,0,0,0,13.3914,33.7204,44.9467,26.9811,29.884,18.2607,31.501,31.4308,14.2848,37.2746
PC O-34:1+HCOO (FA 18:1),3532.5021,3048.8111,3348.7524,0,3323.7943,3105.78,2534.4504,2252.3057,4450.1319,4638.7883,4025.3844,3915.8551,4670.9527,4167.7064,5142.7458,4618.6094,5721.0628,5753.9634,7208.2376,6668.3139,5490.0402,0,4442.8034,5873.7212,5059.0461,4857.2587,4685.9454,4742.1578,0,0,2985.964,2993.7293,3883.419,3873.8728,2834.5218,2893.4961,2428.1975,2443.5049,4789.1213,0,1875.7783,3807.8112
PC O-34:1+HCOO (FA 18:0),0,1.3026,0,0,736.7966,0,896.2102,719.8794,463.8324,472.9719,490.4363,273.6164,1103.7026,1016.4904,1169.1795,1253.8682,912.5156,1058.3931,1249.9955,946.5709,924.9688,611.6928,303.5383,985.5056,185.8274,212.3886,367.227,495.9137,0,0,474.3422,675.3696,868.3664,741.4747,1054.8105,902.455,807.4637,1174.2085,0,677.32,0,0
PC O-34:1+HCOO (LPC pe),358.6023,278.5723,253.9502,233.8862,259.8041,192.7541,162.0716,176.2622,307.9502,335.1608,321.6587,250.191,264.2642,254.3048,359.5335,348.7559,407.4595,416.0331,558.5805,412.3803,471.9714,478.0516,409.6357,332.3502,357.6243,331.1054,349.7527,328.7898,0,0,157.9145,205.0426,225.4451,276.4374,200.9,178.6356,143.1412,213.7906,396.5608,400.7809,183.3507,378.4805
PC O-34:1+HCOO (LPC pe),586.5608,519.928,460.1316,460.8575,413.125,352.5001,305.2924,251.0258,415.7972,533.7749,419.2392,424.8971,453.1497,434.6102,543.8481,446.9447,730.9409,596.8989,705.5923,761.8184,727.3855,652.2794,667.5067,659.99,565.1046,608.3371,474.5238,579.3109,0,0,277.805,253.1327,259.9496,301.0801,343.8581,362.747,313.3759,212.2026,694.8508,650.958,266.2015,584.5428
PC 34:7+HCOO (FA 12:1),238.5082,178.4657,208.263,0,0,0,0,0,0,0,18.6642,0,0,0,0,0,0,0,0,0,0,0,0,0,0,0,0,0,0,0,0,0,0,0,0,0,0,0,0,0,0,0
PC 34:7+HCOO (FA 22:6),63.84,0.0727,62.8372,0,0,0,0,0,0,0,0,0,0,0,0,0,0,0,0,0,0,0,0,0,0,0,0,0,0,0,0,0,0,0,0,0,0,0,0,0,0,0
PC 34:7+HCOO (LPC pe),0,101.7257,101.7336,74.6271,72.2232,80.3265,30.7714,36.2906,14.9674,0,0,16.0312,32.9072,30.1175,0,0,0,8.0753,22.8598,23.7893,3.8047,88.2551,70.002,77.3822,128.7841,56.7555,61.8278,22.8081,0,0,37.0874,32.088,33.7428,15.1468,44.3621,54.3327,65.7132,43.391,0,0,34.3091,14.6292
PC 34:7+HCOO (LPC pe),0,0,34.5539,68.6205,0,38.9311,20.1823,59.0295,44.0014,0,12.6146,9.9611,0,0,0,0,0,0,0,0,0,9.7134,50.4568,0,11.5102,0,60.8125,0,0,0,22.8444,0,62.231,57.0865,7.6279,11.0434,23.3818,58.8185,0,0,0,0
PC O-34:0+HCOO (FA 16:0),38095.743,34888.8282,37806.9718,35863.5966,0,22313.8758,16670.8213,17210.0442,24381.0077,26155.644,21535.1867,23853.3462,15639.3495,14360.6107,19039.1071,15901.0285,19498.8411,18988.6945,23123.416,22686.6544,26005.7413,26789.058,25954.0668,26915.2859,18960.3079,16232.4176,17619.1078,17557.7546,204.0414,86.1762,24126.5183,25657.0101,27160.7221,26751.8423,23655.9431,0,19040.5353,18713.3175,22671.4934,21772.3714,0,22059.848
PC O-34:0+HCOO (FA 17:0),187.4778,143.9281,0,149.3389,75.6791,76.8844,52.4639,66.5838,108.7536,137.2322,145.3099,129.7667,40.8791,37.21,0,65.7845,102.372,81.2492,111.8341,106.7822,0,122.2072,135.502,0,0,52.5266,84.9729,45.1534,0,0,47.2115,0,78.0828,39.3856,81.7236,45.9964,67.9543,52.7052,75.4618,90.9994,0,64.4553
PC O-34:0+HCOO (FA 18:0),1385.2893,1257.4141,1313.1977,0,1607.3682,1445.1215,1540.8469,1392.9509,1147.8592,1219.3567,0,1065.4514,1401.2623,1171.525,1814.173,0,1458.6886,1427.7821,1791.5704,1730.0178,1836.9004,1732.1944,1629.0922,1868.7054,1188.2403,0,0,1299.8258,0,0,936.9358,941.3783,1133.7979,1062.3709,0,1896.7347,1595.8791,1579.9744,999.8289,863.6905,65.3786,840.7661
PC 34:7+HCOO (FA 22:6),5.3042,20.8621,0,0,0,0,0,0,0,0,1.5603,0,0,0,0,0,0,0,0,0,0,0,0,0,0,0,0,0,0,0,0,0,0,0,0,0,0,0,0,0,0,0
PC O-34:0+HCOO (LPC pe),465.0944,331.9038,419.3924,383.9472,258.6616,242.6077,182.7624,158.7023,272.0865,326.4647,248.5653,279.9549,238.6198,203.5887,245.2453,250.7038,304.9954,238.91,290.6201,334.8115,356.8261,285.0045,368.5023,351.8426,165.5646,173.2606,223.9157,222.2435,0,0,239.0533,274.3672,242.9947,395.5367,264.4176,286,217.2583,194.9773,280.9597,293.8314,0,312.3513
PC O-34:0+HCOO (LPC pe),668.1384,578.2555,592.3342,464.3047,364.1552,341.3712,292.8614,301.6302,375.1242,383.1148,342.8079,402.4059,314.4918,232.2561,372.1469,328.2783,314.2811,363.0563,360.7432,375.9059,421.4366,497.8132,442.7226,429.7589,323.2167,305.9628,366.8942,340.4485,0,0,375.2306,391.8591,423.7508,417.5944,397.9492,393.1063,314.203,299.5211,396.5888,327.8056,9.486,422.7525
PC 34:6+HCOO (FA 12:0),57.196,85.4278,167.5535,133.6949,31.0828,31.4642,0,23,153.0666,133.7877,99.5691,86.7265,52.5221,26.6184,25,39.0966,54,43.2916,53.6577,59,164.5186,157.7289,65.1695,101,26.8526,35,127.6398,117.0475,0,0,23.7228,29,67.4433,76.6236,39,27.0966,59,43.9836,130.0771,0,46.8526,64.3855
PC 34:6+HCOO (FA 22:6),78.2655,73.1192,91.3865,79.7801,25.784,5.8045,0,19.1013,20.14,12.3652,29.4993,32.905,22.6969,14.7596,29.6944,41.5707,64.575,37.3987,46.659,56.0906,48.0898,70.9603,64.2177,43.2563,69.121,45.585,60.379,58.965,0,0,15.7592,12.2746,14.8024,18.2047,22.5754,22.4997,21.3236,23.6988,82.36,0,27.9668,70.3242
PC 34:6+HCOO (FA 12:0),5.1391,0,0,0,6.4352,0,0,0,0,0,11.3557,0,12.5723,1.9471,7.9746,0,0,0,0,0,0,0,0,0,32.4436,0,8.4547,0,0,0,20.7883,7.7306,0,0,0,0,0,0,0,0,0,0
PC 34:6+HCOO (LPC pe),443.1751,330.0072,427.1071,406.0458,166.529,207.184,176.8841,202.8608,232.6801,293.1464,264.7912,293.4014,300.5076,288.0029,344.2835,447.9707,310.6749,314.3302,353.414,393.6324,407.3263,439.7895,406.9959,349.4954,387.0475,322.1068,364.0876,312.6683,0,0,185.8966,165.6143,155.0522,191.6859,10.8716,340.9617,314.8468,263.9476,291.6132,226.5991,284.6831,295.2287
PC 34:6+HCOO (LPC pe),486.1926,535.2477,545.4214,706.8681,313.8168,292.404,257.8797,321.435,260.362,328.345,329.9712,390.4544,440.3924,418.5558,616.0377,602.978,447.5875,436.622,684.6435,563.2976,495.4485,522.8239,497.6309,620.6313,433.0112,479.5661,587.2761,445.3013,0,0,327.7497,261.5014,265.4873,324.9242,279.7788,416.3249,542.2608,512.6239,459.296,465.2706,414.6248,535.0629
PC 34:5+HCOO (FA 12:0),14.1038,0,21.5584,0,15.3633,0,0,0,29.0686,28.7658,0,7.2276,0,0,0,0,0,0,0,0,17.045,19.2145,0,0,0,3.3645,20.7092,8.4244,0,0,0,0,0,15.077,0,0,0,0,0.5915,0,0,0
PC 34:5+HCOO (FA 14:1),6.9502,0,0,0,0,0,0,0,0,0,0,0,0,0,0,0,0,0,0,5.466,0,0,0,0,0,0,0,0,0,0,0,15,0,0,0,0,0,0,0,0,0,0
PC 34:5+HCOO (FA 14:0),47.2834,12.3366,31.249,20.6974,0,0,0,17.3182,7.9422,23.4906,15.6713,29.5444,0,0,0.6293,0,37.3141,2.8101,0,6.1417,0,0,50.239,23.1059,0,0,0,0,0,0,0,0,0,0,0.4258,27.1129,36.7111,12.0856,0,0,7.7557,21.4606
PC 34:5+HCOO (FA 20:5),82.8746,97.6896,44.6295,21.8577,0,0,0,67.3211,36.102,36.577,32.8825,14.2988,0,0,84.2278,72.2232,30.447,40.5119,0,6.102,0,0,112.0894,47.2364,0,0,0,0,0,0,0,0,0,0,54.9444,61.0616,75.6982,52.6363,0,0,29.8066,38.8015
PC 34:5+HCOO (FA 20:4),886.191,0,0,0,0,0,0,0,0,0,0,0,0,0,0,0,246.5056,0,0,338.1709,468.6835,0,0,0,0,257.4736,334.4731,0,0,0,0,242.4083,272.1806,0,397.5625,0,0,0,0,0,0,0
PC 34:5+HCOO (FA 22:5),65.1349,0,78.9202,0,0,0,0,0,22.6819,24.5457,0,3.9035,0,0,0,0,0,0,0,0,32.9954,39.3008,0,0,0,41.8569,44.1383,34.8853,0,0,0,0,0,14.3406,0,0,0,0,21.4234,0,0,0
PC 34:5+HCOO (LPC pe),82.1722,63.5781,10.7412,113.8825,197.423,131.0608,126.5624,75.3542,146.2238,112.0693,108.6534,99.6753,133.0771,88.1127,109.9702,48.4862,67.1969,134.4466,61.4682,63.4986,79.1091,21.9673,153.7714,130.8569,41.2294,120.636,124.8657,79.48,0,0,142.2691,30.3363,85.0587,112.6092,359.477,97.9251,75.4703,125.5684,52.5136,131.1065,68.3054,129.4048
PC 34:5+HCOO (LPC pe),2.2114,27.5897,0,0,10.5255,0,16.9897,19.1737,14.8967,0,0,0,0,12.3286,0,0,0,46.325,0,0,0,0,23.9118,0,0,0,0,0,0,0,0,0,15.4958,0,111.812,19.4209,0,0,0,0,0,0
PC 34:5+HCOO (FA 14:0),0,0,2.8947,18.0061,0,0,0,0,19.5644,13.5291,24.9293,0,0,0,28.0568,2.5743,0,0,0,19.4471,0,0,0,14.272,0,0,0,0,0,0,0,0,0,0,17.122,0,4.3007,0,0,0,13.3583,5.6408
PC 34:5+HCOO (FA 20:5),1.8459,3.4155,5.138,6.356,0,0,0,62.7303,0,7.2381,13.7876,12.8497,0,0,36.7232,49.4799,4.5186,0.5527,0,0,0,0,0,18.2973,0,0,0,0,0,0,0,0,0,0,39.2906,0.8475,17.7677,10.9392,0,0,18.3642,12.0815
PC 34:5+HCOO (LPC pe),858.6183,787.9159,771.4023,872.1533,1396.3163,1250.3833,902.9746,890.3028,1124.2209,1086.9404,1013.2373,1033.4202,1141.7082,934.8508,749.1661,761.8404,849.7502,1045.8113,880.8392,891.1957,915.436,981.9145,839.9969,914.5404,912.4467,1129.5368,979.2268,865.6775,0,0,1098.5034,1285.871,1071.7453,947.3584,1041.8724,1142.4442,914.5304,689.0217,887.8766,799.9557,680.681,856.9845
PC 34:5+HCOO (LPC pe),101.6718,95.4809,142.0855,176.5092,86.2249,92.4111,97.5209,61.662,139.2427,107.5615,100.5368,107.0823,170.1373,114.3771,148.3145,139.5349,168.4387,169.6341,157.3002,138.3696,126.0245,137.5838,186.3192,178.4565,117.907,128.7317,173.9153,117.9504,0,0,48.5437,45.6174,95.6645,54.9391,90.7692,119.4983,142.3765,177.5716,105.7634,86.7389,95.5262,150.2686
PC 34:4+HCOO (FA 16:1),87.8602,0,0,54.225,0,0,0,0,0,0,0,0,0,0,0,0,0,0,0,0,0,0,0,0,0,0,0,0,0,0,0,0,0,0,0,0,0,0,0,0,0,0
PC 34:4+HCOO (LPC pe),13.4616,0,0,0,0,2.8526,0,0.7167,0,12.6939,1.2999,0,0,0,0,0,0,0,0,5.6823,5.3081,12.3711,0,0,0,0,0,0,0,0,5.4698,18.9166,0,4.9597,14.0042,0,7.1334,0,2.3577,24.704,35.553,0
PC 34:4+HCOO (FA 16:1),363.9368,0,0,288.1134,0,0,0,0,0,0,0,0,0,0,0,0,0,0,0,517.1593,0,0,0,0,0,0,0,0,0,0,0,0,0,0,0,0,0,0,0,0,0,0
PC 34:4+HCOO (FA 18:3),22,0,0,0,0,0,0,0,0,0,0,0,0,0,0,0,0,0,0,0,0,0,0,0,0,0,0,0,0,0,0,0,0,0,0,0,0,0,0,0,0,0
PC 34:4+HCOO (LPC pe),9.5081,11.8298,2.4633,0,0,7.7587,0,0,0,4.8584,0,0,0,0,0,0,0,0,0,11.8041,2.2294,0,0,0,8.6764,1.8013,5.3406,6.6307,0,0,0,0,0,0,0,5.9692,0,4.1163,3.1488,0,0,0
PC 34:3+HCOO (FA 18:2),118.7991,0,0,0,56.4081,72.2167,0,29.5564,47.3866,64.1077,75.7319,81.9489,103.8476,41.0055,52.2022,109.0815,0,48.0525,62.3813,41.6138,95.1236,93.2082,126.4935,138.5628,0,135.6219,0,0,0,0,156.3848,119.1041,81.1868,118.8291,0,0,0,0,0,0,0,0
PC 34:3+HCOO (FA 16:1),192.7765,198.4071,209.3206,271.6596,147.6849,198.4456,182.1228,153.876,159.0334,155.4855,115.8632,0,178.4199,166.4766,221.8026,189.1497,184.1067,144.7451,256.7063,220.9939,237.8259,187.7047,235.298,198.8443,206.2291,259.547,222.4886,163.8372,0,0,73.6817,60.063,93.2836,91.6531,119.9898,83.8832,74.9269,99.9171,0,212.4392,214.797,250.1965
PC 34:3+HCOO (FA 16:0),100.3706,47.586,71.6821,104.7418,0,0,0,0,0,0,26.3017,0,0,0,32.0967,0,55.0938,0,16.1021,65.2462,35.1459,0,75.903,26.5594,49.387,0,106.2079,48.3718,0,0,97.5183,0,0,0,0,0,0,27.5669,0,0,20.864,0
PC 34:3+HCOO (FA 18:3),18.9031,32,22.3899,32.6405,0,0,0,0,25,0,22,0,0,0,22,0,25,0,35,31.9973,32,52,35,47,32,45,43.9915,35,0,0,22,0,0,0,0,0,0,25,0,0,24,0
PC 34:3+HCOO (FA 18:2),345.8185,347.4267,373.1352,445.4094,218.5285,219.9923,223.4718,285.2509,262.1407,278.3795,295.3493,296.6046,387.0988,285.306,359.9512,339.9629,338.1808,315.4077,357.3557,344.8015,292.861,303.1357,291.8207,335.2905,654.1466,474.8777,675.5219,607.2243,0,0,236.9079,197.5171,273.288,240.5198,393.2971,424.1416,0,326.752,374.9141,378.6825,0,363.5778
PC 34:3+HCOO (LPC pe),12.1549,13.0715,0,0,0,0,3.738,0,2.4561,0,0,0,0,0,0,0,0,0,0,0,0,0,0,0,0,0,0,0,0,0,0,0,0,0,1.2297,0,19.1111,0,0,0,0,0
PC 34:2+HCOO (FA 16:1),1699.8347,1673.491,1712.2542,1823.7385,0,1296.5129,962.4368,955.6741,1474.1364,1536.4851,1346.7455,1310.9803,928.4995,0,1112.7978,985.5707,1059.2778,1139.8552,0,0,1559.5816,1500.8675,382.3484,1428.7765,1171.0967,0,1118.0801,976.3516,0,0,820.5496,0,945.1302,965.4939,600.2375,496.3913,541.3061,530.501,2211.3394,2168.7876,1852.5435,1802.9317
PC 34:2+HCOO (FA 16:0),397.7497,331.5163,346.679,395.0919,251.6742,0,174.0329,0,206.9718,0,0,175.3476,202.777,148.3319,0,0,210.6906,0,222.4617,170.741,295.2701,285.8448,80.3909,269.5958,268.6765,0,331.6048,235.8873,0,0,0,258.0902,0,318.2837,264.4557,222.1269,233.3211,190.0827,249.9351,280.6285,219.9157,252.1362
PC 34:2+HCOO (FA 17:1),672.6195,573.2927,578.133,553.9395,353.3125,380.4024,260.4024,216.6577,0,436.1822,397.698,383.5407,0,329.498,427.0212,387.3448,448.3395,422.7166,563.4479,505.8631,512.025,0,144.5909,484.1459,0,0,0,362.3835,0,0,225.4024,270.4024,291.8867,290.9496,0,0,214.1598,219.6571,600.4163,623.6351,518.6816,0
PC 34:2+HCOO (FA 18:1),6207.6868,5716.4416,5464.6276,6099.8736,2765.8495,2716.1095,2420.146,2313.6492,3623.3192,3423.4719,3677.7602,3374.3265,3652.0088,3189.1364,3511.749,3756.1981,3488.6149,3362.7414,4086.9069,3807.8576,4110.2979,4537.5358,1046.8426,4513.6064,5234.2469,0,5887.313,5561.5259,0,0,1810.3152,1594.2489,1935.7114,1987.1484,3621.2475,3413.9789,3192.8518,3270.768,5629.7782,5508.1924,5733.7998,5430.6567
PC 34:2+HCOO (LPC pe),85.2382,45.727,75.3221,25.3014,33.7546,25.8895,0,0,44.9986,48.7816,50.4556,24.0831,37.9846,0,26.3314,38.3266,38.2476,33.8506,36.5305,44.2116,55.9946,34.1363,0,39.1842,41.1952,0,19.5996,31.2323,0,0,0,0,28.6355,34.1573,25.9147,21.1693,29.6701,0,61.2156,60.2847,68.151,43.2348
PC 34:2+HCOO (LPC pe),96.8734,103.3678,55.6837,68.8884,20.5954,29.1634,34.4903,8.8029,49.5618,36.709,14.1345,32.2834,0,37.9277,31.9062,30.1913,41.8935,31.8928,20.8827,12.3184,49.8198,38.8486,21.8822,63.8872,41.5403,0,54.7155,66.7088,0,0,14.1621,6.8434,26.9395,21.9394,28.1937,31.5869,24.3676,29.524,51.818,87.3459,49.7544,47.905
PC O-36:8+HCOO (LPC pe),20.1962,46.5871,0,42.1462,28.7727,34.4673,21.9069,46.9082,39.1107,36.8088,7.301,15.5645,2.2821,51.9037,35.2561,32.1178,31.1558,33.5607,18.148,20.603,45.5477,43.5883,21.2895,26.5919,54.3955,0,56.7141,40.3281,0,0,23.8868,26.8675,9.7617,13.5794,25.309,9.347,16.9224,28.9258,25.4863,19.0492,16.3475,30.1877
PC O-36:8+HCOO (LPC pe),26.7441,8.0246,31.5486,21.1325,25.4201,1.4085,11.9234,29.2894,9.3629,22.4181,41.5889,34.4908,42,14.1514,5.4614,21.9897,14.9714,4.4688,22.3981,30.1588,31.5991,15.6367,41.9715,8.8817,24.1861,0,23.8954,24.2961,0,54,28.6694,26.5557,12.1915,16.9366,11.2956,19.6511,18.5401,5.2945,20.498,14.0846,17.6259,42.667
PC 34:1+HCOO (FA 15:0),1135.8858,0,1102.2669,0,542.4982,540.8258,332.5408,305.8246,945.8494,922.5667,856.7917,911.4748,726.3936,748.3116,872.8423,774.1884,836.7238,805.5201,877.6238,965.0895,1247.2228,1088.8062,1168.6236,0,841.4902,756.5172,838.5481,716.7302,0,0,364.1176,379.6842,480.0543,482.6171,237.8299,194.8367,435.5529,449.0311,927.1295,0,769.2901,733.9511
PC 34:1+HCOO (FA 16:1),618.3366,532.2797,506.0224,676.0939,308.3012,297.9823,209.6117,261.0255,606.8081,564.3178,465.313,656.3475,0,421.1688,0,506.5815,571.3491,579.0841,732.4491,769.6305,885.4051,798.3711,822.5086,823.2293,585.5402,688.8273,516.2314,549.016,0,0,226.526,0,208.2532,215.6861,109.6249,0,282.692,0,779.5151,292.0222,502.4292,563.7558
PC 34:1+HCOO (FA 16:0),6992.6677,6226.2324,6120.7825,6889.1797,4955.3034,4833.3379,3792.0883,3823.7622,4171.1399,4130.8786,3724.4217,4340.6795,3378.3523,2934.9403,3638.8485,0,4402.8442,0,5519.2302,5304.0539,6122.9737,6282.181,6109.1749,6290.7354,5708.3733,5209.1975,5166.661,4892.6296,30,47,4561.2073,4927.1876,5467.1557,5190.4883,1845.6825,1598.5287,3680.6567,3642.4018,5358.4957,0,5237.8441,0
PC 34:1+HCOO (FA 17:1),2523.1993,2429.707,2661.1151,2635.5319,1596.065,1604.9612,0,1119.6458,1764.249,1748.8369,0,1718.6835,2439.1261,2010.5633,2527.4861,2334.7974,2614.3871,2576.5054,3154.0318,3144.1473,3339.081,3324.1487,3350.4596,3444.9314,2735.315,0,2549.7833,0,0,0,0,1100.2924,1387.9339,1217.1822,744.8952,661.6188,1581.4241,1579.0545,2001.4529,1169.6614,1910.6972,1752.2747
PC 34:1+HCOO (FA 17:0),315.2766,276.2137,281.9621,282.679,213.7626,0,126.6711,178.4062,388.9338,0,263.1056,277.3835,284.353,238.1812,274.8677,309.6036,307.9511,226.6694,418.0574,296.9431,372.0689,414.2558,349.9149,423.9584,272.4637,253,188.7157,229.7309,0,0,171.9939,153,132.1069,120.5212,49.5282,62.1383,166.5282,177.654,328.5514,150.5738,299.3081,301.4464
PC 34:1+HCOO (FA 18:1),15616.3293,14226.0351,13743.6758,15621.5611,5139.7535,5193.9757,3287.8933,3309.301,7120.4123,6967.7855,6027.22,6529.5589,4838.9136,4160.418,5115.878,4780.1038,7207.0195,7358.598,9127.4114,8852.6207,9065.0856,8344.5022,8744.8575,9167.4205,8119.2967,7838.9052,7364.1832,6654.3621,82.032,79.9308,3450.5355,3818.0782,4380.5914,4182.2865,0,2241.4428,5057.4604,4965.2072,10753.3897,5826.9805,9375.2425,9761.1639
PC 34:1+HCOO (FA 18:0),343.7583,282.586,289.4942,419.8493,192.8033,206.8594,249.8648,219.8126,228.5888,264.3483,246.2508,260.9865,179.6698,199.6137,253.5336,278.284,236.8437,243.721,0,263.5225,266.6373,251.075,0,357.8169,248.449,376.521,369.4896,320.7618,0,0,173.969,220.2085,160.1425,152.5873,125.0372,112.6495,293.5537,263.2834,258.1992,178.0646,248.5519,271.7269
PC 34:1+HCOO (FA 19:1),28.6786,27.515,0.7036,40.0709,25.8796,22.4231,34.0355,22.5562,20.4691,34.0325,28.1984,14.7763,29.609,14.7423,48.7218,57.0772,39.7954,35.4112,62.6408,39.091,42.2683,0,24.8397,46.5417,24.619,54.3361,48.222,28.6819,0,0,29.8189,19.8262,26.3563,57.9723,20.5524,5.9462,0,26.2555,17.4584,0,0,28.9478
PC 34:1+HCOO (FA 20:1),38.6087,30.6049,21.3663,37.8722,0,0,0,0,0,14.3636,7.3715,23.147,21.0066,0,26.0738,16.5088,23.0828,14.8012,7.5798,17.7164,24.9121,17.0396,21.2066,21.7826,9.0493,11.1636,0,0,0,0,12.2289,0,21.8034,0,0,0,0,0,44.0536,0,24.5391,31.6726
PC 34:1+HCOO (LPC pe),132.1457,82.764,160.0046,123.2222,87.6089,58.6821,46.9658,51.0904,94.3687,99.0262,60.184,107.2646,99.5844,85.1182,67.1307,81.7691,114.3562,96.0491,104.7573,131.5267,109.4886,125.723,130.2277,148.8976,95.9813,128.9375,99.8574,115.2023,0,0,51.7878,33.0143,47.8561,77.5738,45.439,39.4322,51.3628,78.1508,118.4618,81.4647,88.6066,89.0055
PC 34:1+HCOO (LPC pe),176.3826,169.601,111.958,162.3523,65.0435,130.6284,81.4961,41.2922,123.8365,123.9037,97.5204,102.2869,99.9129,104.1476,109.8887,102.3811,115.0618,129.4365,143.0945,128.42,154.6508,140.1837,169.4245,181.8873,133.02,148.8541,114.0994,106.9577,13.7607,0,80.2689,59.3538,49.9845,76.1768,31.236,44.5328,45.2821,80.2865,151.4324,58.8862,131.3438,76.8751
PC O-36:7+HCOO (FA 14:2),7,0,0,0,0,0,0,0,0,0,0,0,0,0,0,0,0,0,0,0,0,0,0,0,0,0,0,0,0,0,0,0,0,0,0,0,0,0,0,0,0,0
PC O-36:7+HCOO (FA 22:5),84.1376,0,0,0,0,0,0,0,0,0,0,0,0,0,0,0,0,0,0,0,0,0,0,0,0,0,0,0,0,0,0,0,0,0,0,0,0,0,0,0,0,0
PC O-36:7+HCOO (LPC pe),12.1826,8.2521,0,16.6682,0,21.636,23.9857,0,0,1.2716,27.785,1.3154,32.7919,0,19.4448,5.8342,0,0,38.7137,0,29.1321,0,1.5464,0,2.1231,0,11.1307,15.7028,0,0,0,15.3649,28.5548,0,35.0999,18.7661,13.0904,0,5.311,0,15.4924,25.6891
PC O-36:7+HCOO (LPC pe),0,0,3.4614,0,21.2338,0,0,12.1331,0,0,0,0,7.353,13.2454,19.6778,0,4.985,3.092,17.8737,17.0136,7.3015,3.1686,0,0,0,4.4937,13.666,0,0,0,0,0,7.6913,0,8.0933,23.2456,20.2441,3.0449,0,0,7.353,3.3446
PC 34:0+HCOO (FA 16:0),1008.2782,1052.4867,1094.529,0,0,621.192,0,495.8605,1019.9824,922.2115,815.6183,810.1618,605.6198,524.9949,786.2583,0,721.7347,770.8764,0,921.7024,1135.1189,997.3042,0,0,873.7423,0,730.7136,751.5506,0,0,0,356.2034,479.4841,436.0599,703.732,582.5976,776.576,690.2895,880.8082,1179.5908,0,626.3062
PC 34:0+HCOO (FA 18:0),462.5302,399.9828,445.0049,530.9779,162.6899,201.73,148.6549,144.1238,0,287.3394,255.836,243.965,178.575,0,178.1236,183.0706,242.7927,260.3418,342.6327,243.1082,303.0671,307.2621,281.8246,247.3606,297.2149,233.6882,0,234.3103,0,0,108.8409,144.1583,179.634,160.5542,209.0875,204.3969,197.1815,211.983,340.1356,287.2483,282.961,257.1215
PC O-36:7+HCOO (FA 22:5),274.1766,0,0,0,0,0,0,0,0,0,0,0,0,0,0,0,0,0,0,0,0,0,0,0,0,0,0,0,0,0,0,0,0,0,0,0,0,0,0,0,0,0
PC 34:0+HCOO (LPC pe),28.8017,22.5196,41.7565,32.2911,4.3302,0,15.1181,10.6137,46.5803,19.0253,31.6455,33.4945,1.6349,0,13.3548,23.7779,17.2336,24.5518,15.5044,29.4284,9.1029,46.6478,34.0217,64.9934,23.4265,28.9529,14.383,7.4111,0,0,19.4134,8.6394,0,21.8053,13.4589,13.9609,11.7816,26.2969,13.383,0.5572,5.1941,1.6644
PC 34:0+HCOO (LPC pe),51.3683,14.0315,44.8317,49.9526,6.9389,20.8647,16.3719,15.6901,11.6038,36.2164,39.9226,22.2919,27.5864,27.3816,15.2417,14.7149,38.1271,20.2611,13.3938,35.0123,46.9296,34.0968,55.384,41.2507,27.6497,12.2657,51.1509,28.7311,0,0,16.1223,0,15.2292,42.1338,39.0324,26.2715,12.8749,20.1428,65.8109,0,29.0905,34.2075
PC O-36:6+HCOO (FA 16:1),450.9646,407.0695,594.5661,567.4227,373.0902,380.4821,275.937,288.1184,0,372.4161,0,471.9386,0,0,527.876,403.0723,765.7884,726.7405,707.5317,657.0086,0,0,639.5659,772.0941,858.8696,0,0,643.4997,0,0,0,0,0,0,400.7813,375.548,457.4279,436.6511,0,0,854.0017,0
PC O-36:6+HCOO (FA 20:5),25.3203,33.7199,22.2469,17.8412,0,26.947,61.5301,44.712,0,30.9299,0,0,0,0,46.3983,28.0119,0,10.3542,0,0,0,0,59.8522,30.3381,19.9199,0,0,0,0,0,0,0,0,0,39.8335,23.8383,33.9602,28.306,0,0,32.0674,17.5257
PC O-36:6+HCOO (FA 22:4),165.883,0,0,0,0,0,0,0,0,0,113.7608,0,0,0,0,0,0,0,0,0,160.4831,0,0,0,0,0,0,0,0,0,0,0,0,0,0,0,0,0,0,0,0,0
PC O-36:6+HCOO (LPC pe),17.0476,0,0,48.403,0,0,0,15.3031,0,23.1498,10.482,10.3686,16.8633,4.0895,29.4662,8.2128,11.8819,3.2525,24.1934,1.9995,17.3881,11.8414,14.0689,0,0,14.3853,29.9365,16.7184,0,0,18.1963,22.4891,17.669,0,44.4373,0,0,13.0006,33.0373,15.3519,25.2785,0
PC O-36:6+HCOO (FA 14:2),8.8791,0,0,0,0,0,0,0,0,0,0,0,0,0,0,0,0,0,0,0,0,0,0,0,0,0,0,0,0,0,0,0,0,0,0,0,0,0,0,0,0,0
PC O-36:6+HCOO (FA 20:5),29.5924,28.0335,20.3265,17.9984,14.9598,0,49.4562,23.8752,0,6.5561,0,23.9516,0,0,29.7952,38.0106,37.7054,0,24.9901,24.9693,0,0,17.4524,39.7015,0,0,0,31.0602,0,0,0,0,0,0,11.3313,13.6178,0,0,0,0,33.75,32.6846
PC O-36:6+HCOO (FA 22:4),643.2012,0,0,0,0,0,0,0,0,0,550.621,0,0,0,0,0,0,0,0,0,607.048,0,0,0,0,0,0,0,0,0,0,0,0,0,0,0,0,0,0,0,0,0
PC O-36:6+HCOO (LPC pe),23.084,0,36.142,8.6454,0,0,0,0,0,0,0,0,0,0,0.7077,12.8676,0,25.8124,7.4264,0,0.9911,0,18.3373,11.8789,13.3832,0,0,24.2147,0,0,0,0,0,7.7702,1.3064,9.5313,0,16.8185,0,10.2872,0,13.3972
PC O-36:6+HCOO (LPC pe),3.8369,24.6323,21.1029,34.6996,0,0,0,0,0,0,12.7703,6.2021,0,4.3246,22.5859,21.4306,20.1219,0,0,5.6677,0,32.0127,37.2196,21.883,15.3001,0,0,5.5394,0,0,0,0,0,0,0,3.2571,18.088,0,0,35.9424,16.5284,28.9831
PC O-36:5+HCOO (FA 16:1),42.2932,21.2896,35.9244,56.5675,20.5367,23.3492,14.4013,31.2385,31.7583,15.4652,22.6281,27.6609,33.6706,0,15.8566,0,13.9598,22.9595,37.3332,28.8899,45.8495,19.1465,0,48.6682,11.8113,0,39.8095,27.3724,0,0,19.6871,0,0,0,0,0,25.1476,0,38.9661,0,37.8499,0
PC O-36:5+HCOO (FA 20:5),68.3355,112.6813,64.7506,40.6806,34.6236,31.4719,97.1781,43.3264,40.3195,40.1746,37.7283,58.4459,8,0,344.5435,253.8948,85.3488,93.9811,92.1798,48.6881,0,32,60.3668,86.2283,0,0,0,0,0,0,0,0,0,0,111.3252,34.7545,23.8519,33.8016,0,0,110.5944,92.0587
PC O-36:5+HCOO (FA 20:4),602.2834,543.3799,636.6947,639.0109,546.3594,598.6479,468.9664,483.3218,555.4879,613.4565,487.7176,675.1049,416.7909,330.579,560.5009,513.7012,399.8488,492.2303,672.1826,539.7582,514.5838,539.048,321.7405,468.5563,420.1728,0,510.6054,607.4029,0,0,321.6333,0,0,0,0,0,308.8525,0,342.966,0,320.3888,357.0505
PC O-36:5+HCOO (LPC pe),21.7246,38.3192,0,48.3238,50.7388,43.7929,46.1792,43.6744,50.0259,76.8238,45.5277,73.609,52.7384,36.1534,39.3646,29.7372,30.9846,27.9518,37.0949,66.3135,11.8122,42.0085,26.0624,27.1646,40.9799,13.0361,47.4838,33.9661,0,0,52.7836,47.3335,44.4757,33.4216,52.1374,50.9443,49.3845,51.4388,48.1697,0,34.9018,33.6986
PC O-36:5+HCOO (LPC pe),58.5243,40.8847,53.84,65.1855,68.9643,85.2284,64.6856,61.3957,54.9476,75.9951,61.0647,61.792,87.9916,60.5875,46.0672,31.9961,38.6561,50.5673,86.255,58.5084,47.3222,22.6857,24.6145,45.1704,59.5948,76.453,85.0235,42.9427,0,0,66.418,65.9592,81.7175,89.5709,81.8364,76.1994,65.5521,56.5463,58.7455,0,16.2887,33.3963
PC O-36:4+HCOO (FA 14:0),66.6841,38.7677,30.3307,59.5449,58.82,58.7916,27.8697,0,44.7082,69.9107,49.388,52.4204,31.6843,0,36.6762,29.6619,15.7738,56.2112,47.2746,45.0847,32.8564,12.8799,35.035,29.502,0,36.2507,0,46.0449,0,0,63.7699,65.808,53.7295,85.7496,24.6454,33.0822,46.7887,31.6781,26.0608,0,31.7882,21.2584
PC O-36:4+HCOO (FA 16:1),74.8318,78.4156,67.2939,79.228,74.1974,83.1532,65.0938,61.3631,66.3614,79.4356,72.2352,72.216,66.7778,56.2892,76.827,66.6093,91.7336,67.1115,94.9552,95.1685,79.8492,95.7087,74.8514,90.3454,106.2315,117.1895,94.3761,99.6847,0,0,40.8116,41.1334,35.8928,42.0425,43.1347,0,0,24.2808,0,118.7614,95.1108,123.6722
PC O-36:4+HCOO (FA 16:0),50.5272,56.3252,43.9428,71.6119,27.5667,31.2064,47.4877,33.3928,37.0168,43.8885,32.843,29.6911,0,23.6248,23.3581,38.964,74.6083,43.4345,57.5739,9.6742,40.5209,57.8093,39.8694,85.7738,37.9622,28.5046,38.6474,43.3941,0,0,40.9283,49.4638,32.0463,22.4519,53.1579,55.0249,32.7357,19.8666,29.4616,42.2536,30.6188,45.4395
PC O-36:4+HCOO (FA 18:3),50,47,37,47,30,0,0,0,30,27,28,0,30,0,0,38,0,28,27,0,29,0,23,0,45,41,59,44,0,0,24,0,0,32,0,0,0,0,32,35,37,23
PC O-36:4+HCOO (FA 18:2),48.8045,39.1862,31.9503,49.5977,58.4277,32.1586,64.2528,52.8943,37.2283,0,50.6474,52.4827,37.4591,33.8824,37.5062,57.3567,32.3049,42.5196,41.9781,39.0718,40.9727,46.8271,51.4661,47.6778,48.7823,35.2278,55.5627,13.4555,0,0,56.4653,63.5251,61.2487,60.7618,0,20.2013,19.9075,37.7826,35.4367,36.8946,34.7967,13.3391
PC O-36:4+HCOO (FA 18:1),415.7906,378.0116,359.173,399.4201,338.3625,315.4515,0,0,0,343.4712,295.4512,0,363.3827,0,0,296.2211,312.6481,327.0569,401.2644,0,515.1155,0,536.1184,436.8683,393.6421,330.9837,403.7045,419.6416,0,0,161.0172,0,0,218.8222,0,0,0,0,381.1661,408.4886,497.0167,391.635
PC O-36:4+HCOO (FA 20:4),308.0851,235.5409,349.2704,331.5815,272.9393,216.3558,340.8667,250.7704,169.8248,231.7537,256.6326,180.0772,118.4582,100.7054,634.7068,569.062,234.4937,0,237.5788,256.2931,200.9979,0,293.5507,195.0818,167.6151,156.0212,172.1863,107.5615,0,0,211.7077,0,264.4087,217.4812,236.1126,178.6846,196.6046,170.7927,98.9698,98.2893,128.774,153.0014
PC O-36:4+HCOO (FA 20:3),269.3737,254.4004,285.0151,262.3963,440.5505,435.1377,390.9146,390.024,374.2044,290.3105,208.2361,228.9196,247.1276,186.5183,342.6141,244.3107,291.4849,302.0614,340.9518,319.3929,390.5401,405.2399,343.8704,390.8518,306.5911,302.6804,315.6952,284.9361,0,0,142.1153,135.783,0,165.5947,185.1334,121.0529,202.4776,115.7216,256.1107,214.5742,289.9062,244.0939
PC O-36:4+HCOO (FA 22:4),59.2481,28.8326,59.2399,64.6451,32.4001,46.9382,40.2908,66.2224,41.9816,46.2776,41.3546,46.9471,38.9266,32.5678,40.2974,17.8524,41.8251,47.821,24.7667,36.0819,29.5856,40.7774,0,73.6161,30.2601,17.4562,25.5199,36.0826,0,0,0,61.5401,51.5159,36.8372,12.2832,11.283,34.3727,39.5201,43.1988,0,44.7558,35.0661
PC O-36:3+HCOO (FA 16:2),89,0,85,96,57,30,38,42,69,35,69,40,50,86,67.0791,71,93,69,120,86,91,101,76,88,93,79.1558,88,72,0,0,55,45,57,0,35,40,34,47,88,76,71,88
PC O-36:3+HCOO (FA 16:1),1332.447,1252.8231,1165.9217,1327.7664,851.0978,783.8111,524.2778,552.2341,1050.4346,1037.477,884.1066,958.8279,786.1525,590.8328,0,507.5054,689.7888,799.2739,913.8361,933.8137,980.3759,941.2947,831.1426,1026.5996,0,1029.937,0,898.4591,0,0,624.6741,672.1924,598.3402,699.5772,651.7775,667.9374,508.8528,460.6019,1500.4362,1500.6047,1208.7066,1257.2814
PC O-36:3+HCOO (FA 16:0),171.4737,160.4212,140.2056,158.9553,143.6666,125.7274,0,0,0,116.2608,112.3557,112.5965,118.5048,86.906,146.6442,0,156.1722,112.975,191.8458,0,151.7348,124.8973,118.6723,158.6776,219.7444,275.7319,239.1066,237.9504,0,0,134.3387,94.1791,121.6345,102.3815,0,156.8437,125.2597,102.7429,0,96.8279,90.2719,48.3658
PC O-36:3+HCOO (FA 18:3),193.8888,124.8916,146.6856,158.7343,0,155.9496,138,109,69.7564,103.8694,83.119,0,138.5282,130,114.654,0,163.9497,193.119,143.7436,215.4024,175.1169,181.5282,117.6386,0,218.4554,224.6459,207.2193,213.9417,0,0,93.6226,128,111.654,103.4882,130,126.654,93.1069,108,62.4882,0,79.9181,81.8902
PC O-36:3+HCOO (FA 18:2),1743.2249,1558.4474,1559.8546,1725.7026,1305.3155,1123.7985,961.4329,871.8944,1240.2391,1355.7122,1267.0396,1317.6113,1016.5322,771.0531,906.8719,876.6238,986.3792,998.7952,1202.7342,1242.426,1263.8654,1251.9576,1063.469,1247.1804,1216.8562,1300.0439,1171.1535,0,22,0,912.208,1031.097,0,1240.7796,1043.127,880.0413,695.5336,789.7313,1559.6894,1580.9744,1598.0211,0
PC O-36:3+HCOO (FA 18:1),770.3431,580.4383,0,749.8946,740.2534,716.1112,557.1001,492.7037,788.1559,763.8948,555.7814,676.3375,452.2795,0,751.9883,376.5534,546.7279,532.5139,677.6195,683.1125,764.2297,817.4152,680.3954,868.1489,792.018,0,485.4117,554.8128,129.0882,0,432.4953,358.7188,442.4868,432.6755,0,0,275.8772,250.0167,794.7543,889.9868,843.1251,749.2895
PC O-36:3+HCOO (FA 18:0),167.2437,133.617,203.1163,121.3587,321.188,261.5089,328.9088,297.9393,264.6515,0,213.4784,184.5318,98.2706,53.8035,109.6221,0,123.3029,86.5126,0,171.5263,201.5993,187.0223,122.5502,206.5728,80.0427,129.3834,107.6772,111.7467,0,0,90.2755,105.4829,106.6727,160.0134,133.6718,110.8637,76.7806,39.1536,116.7446,231.8796,210.8964,168.5855
PC O-36:3+HCOO (FA 20:3),45.5774,56.9658,43.0808,46.4784,38.59,20.4804,0,6.3915,6.9553,45.4749,33.5584,52.8123,0,48.2632,23.348,0,0,48.6276,60.6356,60.6923,38.3491,11.6143,0,51.7214,52.0388,92.5388,40.7277,52.4048,0,0,21.6745,28.6495,49.1008,83.471,0,57.7625,0,0,44.6957,39.3562,20.742,23.4416
PC O-36:3+HCOO (FA 20:1),763.5115,510.3196,644.3802,564.7608,1129.674,1025.1926,983.1274,869.6895,1008.8609,793.9932,713.897,630.903,404.5604,334.0381,614.807,330.0904,336.4731,426.7141,549.7818,648.4362,899.5529,916.5529,755.4462,912.1502,415.6793,494.4851,337.2081,297.1364,0,0,369.7771,302.9493,359.4044,445.4407,277.1298,272.1059,265.3101,129.8082,1132.714,988.7037,0,977.3714
PC O-36:3+HCOO (LPC pe),56.439,24.1157,59.3199,30.0987,33.2812,16.9685,23.1514,0,19.8626,32.0021,42.7991,15.3734,14.0507,28.2796,47.5062,0,26.0307,32.6298,43.8625,31.3532,31.2757,25.9343,26.0306,17.8497,21.9591,28.0037,14.173,31.2548,0,0,18.9534,39.895,20.7024,34.5728,0,16.7759,0,13.1325,35.084,45.5383,28.2638,0
PC O-36:3+HCOO (LPC pe),56.9637,10.9782,55.0893,52.3576,20.825,21.1732,0,0,28.1842,55.073,22.5041,48.5361,25.6134,15.8592,33.3132,7.7209,28.855,33.4438,38.4355,30.7501,27.7254,69.039,39.2363,55.8103,37.62,62.5478,26.3694,27.6198,0,0,33.5684,28.1106,36.3424,31.0294,0,22.48,12.8621,32.6872,32.2655,39.1279,47.1043,41.0758
PC 36:9+HCOO (LPC pe),62.7043,77.6228,45.4006,61.3674,39.8522,39.8573,24.3696,27.5453,78.5374,44.5862,66.5059,59.1639,61.6429,36.3036,49.1084,41.828,48.7089,52.9783,55.8976,66.7122,80.1391,56.8417,59.03,76.4096,68.6655,63.1073,63.757,46.7501,0,0,46.6535,15.7767,29.8868,37.2841,24.0771,26.4506,27.135,20.7833,81.4016,49.5409,65.9021,58.4573
PC 36:9+HCOO (LPC pe),53.7281,64.3671,34.3395,39.2402,39.7133,24.5568,48.7778,30.2583,56.2436,19.1874,22.1086,17.926,36.9152,30.1982,40.5889,43.4103,53.1779,46.5394,43.7412,49.2629,93.467,23.6437,38.3872,48.0504,41.2261,30.0687,84.5025,75.6709,0,0,28.1666,10.9925,21.5761,20.6692,36.4454,34.6985,32.8315,13.8404,64.3327,61.7393,60.1389,52.6797
PC O-36:2+HCOO (FA 14:2),13,27,0,0,0,0,0,0,0,0,0,0,14,19,7,40.0963,0,0,0,0,0,7,0,0,0,8,20,0,0,0,0,0,0,0,10,20,0,0,10,0,10,0
PC O-36:2+HCOO (FA 16:1),21999.0964,19399.9289,18048.9129,20113.7872,0,11173.5018,7128.9856,7440.3645,17764.4008,17194.9223,15401.6293,15170.8445,13286.2063,0,14263.977,12589.6896,14849.2711,13601.8046,19026.6817,18810.3731,21916.6774,20836.8571,21359.9609,21753.9551,16784.5197,17576.1008,14166.8193,14319.3706,0,52,5556.2805,5794.0158,6826.3693,7334.9819,7665.2905,7342.4145,6096.2055,6063.9451,37176.4091,0,33037.7801,34386.7264
PC O-36:2+HCOO (FA 16:0),4240.3088,4081.7727,3957.5024,4390.8394,3791.6214,3672.6952,2717.6225,0,3309.4407,3177.1582,2813.1022,3037.2971,3318.3972,2864.0926,3503.3981,2984.9342,3369.7013,3323.2062,4166.6635,3944.9981,4316.3522,0,4385.6323,4406.2008,4379.6612,4723.0487,0,4364.4735,0,0,2960.1005,3076.7281,3125.4461,3193.6601,4261.5807,3727.1652,0,3110.8825,2926.8255,0,2818.1608,2869.0215
PC O-36:2+HCOO (FA 17:1),187.7507,0,177.8485,259.1631,0,111.6593,0,79.1429,119.6421,121.7845,98.8909,135.4518,150.0835,109.1054,129.5134,113.686,0,129.6791,133.799,157.2363,0,131.2083,172.5963,166.2664,180.2182,146.4279,149.482,154.5181,0,0,0,70.964,0,102.2223,95.9284,95.733,77.7378,78.6901,149.0946,0,163.5307,154.798
PC O-36:2+HCOO (FA 18:1),26039.8219,23992.0389,22372.5908,25662.739,12892.3407,12243.7294,8028.5594,8531.4485,18211.9409,0,0,16291.1205,15156.6533,12264.3189,15740.5779,14695.3538,18136.3463,16369.8199,22622.8413,21741.906,21763.9043,20790.2671,22118.5234,22851.5529,19698.5359,18598.7062,15390.248,0,131.4725,0,8027.5134,8264.7413,9808.6158,9945.379,10124.6837,9117.4438,7457.6661,7724.6872,33624.5264,2091.9158,29481.1372,29146.6148
PC O-36:2+HCOO (FA 18:0),354.2078,271.6454,300.6564,337.8046,181.0066,268.0418,213.8353,257.9545,266.1632,208.4131,237.2126,267.6632,0,129.5266,237.1458,156.8925,249.7486,228.975,278.322,331.5759,406.3552,338.8976,401.8995,0,313.6454,270.8189,233.2311,285.3319,70.2626,55.1696,0,106.8536,174.3968,169.1594,204.7427,0,169.0099,116.9818,300.421,24.5907,249.5843,226.2264
PC O-36:2+HCOO (FA 19:1),16.0711,36.3624,25.0744,0,0,21.3474,0,12.8424,14.7287,4.8491,12.4032,36.5318,11.693,21.9844,3.4827,0,0,3.3574,29.9921,0.6635,20.4189,27.8759,18.4245,19.5502,33.9822,27.4785,29.9022,19.7163,0,0,0,13.8863,0,31.9762,33.9767,18.2965,24.9574,12.3738,46.0293,0,18.0778,27.8147
PC O-36:2+HCOO (FA 20:2),48.0324,39.4011,26.064,49.4955,23.3092,17.8666,8.4076,22.8556,25.3628,12.7295,45.044,32.6383,8.49,12.2159,14.8641,36.3114,25.515,27.9935,57.054,38.4267,35.0508,36.6825,28.7708,38.1824,0.1568,50.1719,8.6108,37.49,0,0,6.6863,0,26.091,12.9109,45.7402,15.7405,0,5.1984,42.4601,0,22.7636,33.1423
PC O-36:2+HCOO (FA 20:1),104.1955,88.7468,85.2342,110.9616,58.258,100.8472,28.3764,48.3162,70.0516,108.9351,69.3843,74.9229,79.1908,85.6112,150.5388,119.4884,112.9029,104.9129,144.1852,126.5464,168.7468,188.0631,181.2789,167.2031,111.0816,59.646,107.1869,65.9992,34.1128,14.6618,80.575,43.0609,52.8936,107.4764,87.5375,59.7861,23.3933,63.4057,52.4131,0,71.0376,0
PC O-36:2+HCOO (FA 22:0),59,25,0,0,0,0,0,0,0,0,0,0,20,22,101,37,0,0,0,0,0,114,0,0,49,76,42,0,0,0,0,0,0,0,25,23,0,0,47,0,45,0
PC O-36:2+HCOO (LPC pe),580.5205,483.3299,444.8246,554.7974,340.156,305.3096,215.527,245.0487,418.193,467.5267,322.2221,427.7884,359.6654,320.317,405.9274,356.2653,382.2459,323.4247,494.4296,409.3384,564.1131,498.3333,570.8346,495.9542,420.8013,386.6218,420.386,462.4572,0,0,208.807,190.4704,244.6767,264.494,275.5674,304.542,245.2293,236.258,710.7067,150.7192,599.4679,643.9679
PC O-36:2+HCOO (LPC pe),841.0158,908.5362,702.3407,841.096,494.9139,516.3635,383.6675,320.1344,489.497,481.8244,591.5141,550.6278,544.6089,410.9984,522.461,586.1932,512.1511,542.1045,737.8475,643.0538,688.6909,749.0325,743.7214,767.5433,618.3954,705.4864,561.9859,535.7113,0,0,312.3522,363.8634,325.5849,335.9933,450.3732,488.5748,342.1861,341.5591,922.3367,104.4554,840.2345,818.4449
PC 36:8+HCOO (LPC pe),87.4632,267.8515,170.0128,186.5053,216.6432,69.4643,69.6189,107.9487,89.4358,70.5603,151.9873,111.5372,102.4378,48.5713,118.3938,149.75,262.7338,161.2995,237.5686,264.6194,119.1827,166.7864,149.3775,215.7923,276.6644,254.1379,80.2133,128.2602,0,0,40.5816,58.7519,89.9924,114.9603,145.0317,59.5273,59.9088,107.1012,39.9104,181.0799,174.6348,105.0618
PC 36:8+HCOO (LPC pe),108.2464,0,138.3633,118.7984,24.0207,38.4949,200.3848,600.1187,131.0515,57.5976,0,98.4331,138.4118,94.823,90.99,197.4952,160.8335,64.9753,146.4538,181.981,94.1284,73.4647,161.0187,176.4778,817.9148,1617.0518,105.75,76.9165,275,397,56.9221,45.0688,75.499,80.9939,24.9865,26.3542,74.1228,115.9502,81.7397,336.7376,48.9862,88.6593
PC O-36:1+HCOO (FA 16:0),77026.7158,74518.9296,72047.5813,83797.6524,0,38012.2073,27164.9508,26489.5803,43728.067,44102.8897,41275.1483,44571.9065,53916.491,43407.9507,54087.3102,50175.5398,58370.7205,58694.1568,69265.1918,65612.4191,80395.1436,78773.901,47250.1481,76581.4745,66808.2568,0,61830.8181,62036.3126,0,0,23815.095,25871.9006,29135.1823,26796.7676,0,47667.4916,0,40061.7947,67344.3526,61426.8714,67894.3637,69143.7675
PC O-36:1+HCOO (FA 17:0),117.8747,118.5255,141.8975,104.4949,102.9811,88.9523,73.974,0,141.8909,111.4982,120.9786,120.5186,80.9694,78.9668,67.2533,93.9687,70.146,0,91.7048,114.9629,171.9582,101.5119,105.3608,126.7558,93.9561,0,81.9645,58.9599,0,0,61.9823,0,71.9973,76.9991,0,46.9149,68.9528,64.9384,76.9748,76.966,80.9267,98.9759
PC O-36:1+HCOO (FA 18:0),1713.2212,1697.5678,1693.8488,1859.6843,971.7275,923.1807,802.3791,727.1484,1407.7116,1265.9873,1217.8171,1252.2021,1278.737,859.8928,1224.0651,0,1421.4331,1424.0307,1852.2592,1757.0995,1639.6303,1705.7074,1195.1014,1599.5636,1667.3377,0,1551.1095,1692.0616,27.7766,22.345,609.0862,598.6807,697.834,728.0809,348.8479,1003.1785,867.3369,747.9498,1588.8233,1474.2363,1361.3659,0
PC O-36:1+HCOO (FA 19:1),130.7813,0,94.3466,175.2604,35,13.2201,27,19.9992,35.994,0,25.0921,0,28.4731,18.911,26.9762,56.595,58.0656,59.188,31.376,53.5104,74.7941,0,59.1708,58.7469,44.2386,0,35.4641,34.5964,0,0,37.2258,14.4217,59.1291,43.8711,0,0,43.4114,32.2097,63.1129,68.8943,45.7479,52.2371
PC O-36:1+HCOO (FA 20:1),101.5477,113.4997,164.1616,180.3815,137.2127,93.016,77.1252,73.9557,189.5258,150.7349,163.9474,155.4706,163.2643,125.9235,162.0206,162.1318,0,142.6937,187.545,219.0507,195.5918,207.013,133.4882,238.7493,143.9199,0,134.7296,104.259,0,0,0,151.6973,131.3932,183.2887,9.5095,94.1718,72.6139,70.2157,223.2107,112.4662,162.926,147.5074
PC O-36:1+HCOO (LPC pe),1738.1096,1433.0501,1623.9118,1783.2713,885.2181,859.2814,720.0864,710.1773,1125.771,1035.0725,897.6712,1081.3785,1407.9195,1118.1269,1407.6267,1334.8099,1390.8456,1478.4421,1496.0663,1583.6825,1855.4895,2104.3211,1862.8199,1739.2928,1488.154,0,1634.6121,1502.9784,0,0,663.0712,747.744,750.9059,755.537,0,1151.0248,1093.2858,1069.5849,1678.2466,1378.7477,1361.6889,1478.7941
PC O-36:1+HCOO (LPC pe),2578.1866,2418.5752,2341.0433,3024.7825,1422.7045,1504.5368,921.072,715.0232,1502.9486,1550.5618,1483.7055,1489.2863,1837.328,1459.2994,2072.4511,1820.1431,1927.5737,2063.5719,2740.3662,2544.0572,2685.2439,2839.9759,2025.3981,2688.3365,1753.6295,0,2175.1194,2233.964,24.7208,59.2769,888.9443,1024.6476,994.5328,957.7795,630.8014,1652.6137,1435.2859,1431.4688,1972.3045,2166.3547,2025.4001,1944.0587
PC 36:7+HCOO (FA 14:2),4.8373,0,0,0.2678,0,0,0,0,0,0,0,0,0,0,0,0,0,0,0,0,0,0,0,0,4.036,0,0,0,0,0,0,0,0,0,0,0,0,0,0,0,0,0
PC 36:7+HCOO (FA 22:5),70.336,0,0,65.7451,0,0,0,0,0,0,0,0,0,0,0,0,0,0,0,0,0,0,0,0,39.0921,0,0,0,0,0,0,0,0,0,0,0,25.5857,0,0,0,0,0
PC O-36:0+HCOO (FA 17:0),45.6321,0,60.9898,36.3818,0,0,0,0,0,0,0,0,0,0,0,0,0,0,0,0,84.5389,0,0,0,0,45,0,0,0,0,0,0,0,0,0,0,0,0,35.3618,0,0,29.3451
PC O-36:0+HCOO (FA 18:0),4828.788,4221.4305,4854.8736,4683.2165,2516.6284,2503.2479,2189.1921,1954.2389,3095.4882,2908.0221,2793.43,2771.6477,3428.4283,2646.3458,0,3789.6328,3472.9958,3452.9787,4505.7445,0,4507.9122,4650.9378,4319.3469,4409.1138,3824.449,3686.7355,3753.8684,3453.5202,35.2961,0,1959.2593,2103.4093,2018.2656,2294.542,3427.0138,3383.792,2897.9049,2769.6955,3312.2768,3364.4136,2934.5101,3025.3572
PC O-36:0+HCOO (FA 19:0),21.227,0,16.1826,41.8652,0,0,0,0,0,0,0,0,22.0444,0,0,0,0,0,0,0,22,0,0,0,0,11.3332,0,0,0,0,0,0,0,0,0,0,0,0,59,0,0,21.3476
PC 36:7+HCOO (FA 22:5),119.5027,0,0,159.4222,0,0,0,0,0,0,0,0,0,0,0,0,0,0,0,0,0,0,0,0,94.1493,0,0,0,0,0,0,0,0,0,0,90.8551,90.9049,0,0,0,0,0
PC O-36:0+HCOO (LPC pe),232.3256,229.0986,235.8129,136.6156,70.8352,124.335,63.7981,65.8632,176.3141,199.2538,202.2851,128.8738,70.8794,107.2758,57.9304,166.994,110.2071,94.0712,170.1903,269.7809,51.4821,84.0523,69.7619,159.2539,127.5787,419.159,96.7306,80.745,0,0,125.0358,75.1233,82.7813,58.6759,58.6997,170.6025,133.1366,141.7661,109.9077,160.6853,282.9642,202.058
PC O-36:0+HCOO (LPC pe),286.6279,172.5294,258.8284,240.9789,21.6999,59.4787,70.6824,86.542,173.6769,108.3599,78.8544,148.7623,90.5028,82.6454,109.1443,192.087,87.8853,122.4046,15.9132,64.8705,139.1252,80.8121,222.0799,264.3643,152.5757,598.2684,131.3021,130.6604,5.0391,15.6857,67.3885,65.9472,123.1132,93.9805,82.7386,120.411,168.7362,125.9463,190.8745,166.3635,298.6325,297.9233
PC 36:6+HCOO (FA 14:0),116.4158,104.1444,159.7637,0,52.13,45.6847,0,0,77.7248,118.9239,67.7534,67.3217,66.3904,41.5163,75.7522,32.4483,31.9586,46.1501,100.8776,65.7256,142.7259,116.1821,76.7091,71.2806,73.2893,27.6806,159.2472,127.0315,0,0,31.1018,62.7582,64.0811,31.365,46.821,44.6716,53.1396,40.0455,128.8243,0,69.5112,106.3781
PC 36:6+HCOO (FA 16:1),35.3179,18.3244,17.1178,58.3972,12.1394,0,14.2078,0,0,2.6537,37.5181,26.2361,0,0,0,0,8.5341,58.439,0,29.1671,0,8.9589,0,0,0,0,104.4392,0,0,0,0,0,0,0,57.4554,14.9898,31.0765,45.6701,77.2278,0,0,0
PC 36:6+HCOO (FA 20:5),28.6102,47.9571,9.7377,10.2669,21.9458,0,73.9978,27.3141,1.2971,19.3899,22.5514,17.9163,0,0,40.6224,33.0698,26.2648,10.9429,10.9241,15.6709,0,0,0,37.2845,11.9031,9.3811,0,0,0,0,0,0,0,0,48.7579,41.4308,41.109,0,0,0,29.6009,16.42
PC 36:6+HCOO (LPC pe),27.0871,0,25.3633,116.5047,59.5292,61.3,78.008,85.8672,56.2018,41.2359,102.7872,65.6821,110.1129,43.7877,141.8144,32.6047,34.8056,79.6668,72.0361,9.8223,135.5325,135.942,160.9142,164.4921,96.9973,26.1883,169.9113,175.803,0,0,9.516,43.0728,65.0108,51.2265,154.4609,49.9331,119.1589,113.6,80.0619,36.546,80.7162,93.2582
PC 36:6+HCOO (FA 14:0),11.6479,0,0,0,4.3364,5.9757,0,0,32.2803,6.985,3.5547,12.8156,20.0404,12.7589,8.6136,7.1952,20.3195,15.9593,0,30.5675,5.6443,11.4805,0,21.567,0,28.8482,0,13.8048,0,0,38.7824,12.5498,16.6413,34.1311,0,8.1585,2.0145,22.333,27.2444,0,17.652,0