Sample Name,PosMSMSALL-CAS9-A,PosMSMSALL-CAS9-A,PosMSMSALL-CAS9-B,PosMSMSALL-CAS9-B,PosMSMSALL-CAV_A,PosMSMSALL-CAV_A,PosMSMSALL-CAV_B,PosMSMSALL-CAV_B,PosMSMSALL-CAVIN_A,PosMSMSALL-CAVIN_A,PosMSMSALL-CAVIN_B,PosMSMSALL-CAVIN_B,PosMSMSALL-CERS2_mg-A,PosMSMSALL-CERS2_mg-A,PosMSMSALL-CERS2_mg-B,PosMSMSALL-CERS2_mg-B,PosMSMSALL-CERS2-1g_A,PosMSMSALL-CERS2-1g_A,PosMSMSALL-CERS2-1g_B,PosMSMSALL-CERS2-1g_B,PosMSMSALL-CERS5-A,PosMSMSALL-CERS5-A,PosMSMSALL-CERS5-B,PosMSMSALL-CERS5-B,PosMSMSALL-Flot2-A,PosMSMSALL-Flot2-A,PosMSMSALL-Flot2-B,PosMSMSALL-Flot2-B,PosMSMSALL-RAJU-Blank,PosMSMSALL-RAJU-Blank,PosMSMSALL-SPTLC_A,PosMSMSALL-SPTLC_A,PosMSMSALL-SPTLC_B,PosMSMSALL-SPTLC_B,PosMSMSALL-UGCG-A,PosMSMSALL-UGCG-A,PosMSMSALL-UGCG-B,PosMSMSALL-UGCG-B,PosMSMSALL-WT_A,PosMSMSALL-WT_A,PosMSMSALL-WT_B,PosMSMSALL-WT_B
LPC O-16:4 (LPC),23,0,0,0,23,22,22,25,0,28,0,0,0,0,0,0,0,0,0,0,0,0,0,0,0,22,0,0,0,0,10.4698,10.7659,14.681,0,0,0,0,0,0,0,0,0
LPC O-16:4 (LPC),38,22,41,0,55,0,67,37,0,0,0,0,68,45,22,0,0,0,23,0,0,0,44,22,0,40,18.9189,20.9189,0,0,22,0,22,25,38,69,0,42,0,0,0,0
LPC 18:1 (PC 104),250.5068,343.3808,317.7296,247.5237,566.1689,553.7148,444.3485,401.7764,318.2347,322.1618,577.7877,625.6939,358.0949,427.8565,307.9834,320.4533,451.4747,482.8198,456.3318,445.2499,473.9101,491.1073,560.7963,556.1053,0,260.8186,0,331.5076,0,0,338.6892,286.9138,312.5351,392.2244,456.6988,457.079,394.5467,433.9154,595.7793,521.9183,404.9042,425.7103
LPC 18:1 (LPC),47,47,49,34,81,92,56,49,31.1324,42,45,47,37,54,30.78,39,45,72,48,45,66.8515,88,73.6288,76,0,20.1074,0,62,0,0,43,36.5695,24,49,54,42,54,30,60,89,38,74
LPC 18:1 (PC),2777.1821,2713.8813,3058.3019,2722.2903,5743.6845,5743.0671,3858.357,4010.2072,3424.6279,3499.5749,4368.0882,4274.286,2927.5918,2846.97,2885.2275,2883.5278,3794.7787,3765.4734,3698.5737,3608.383,4529.1551,4514.5548,4964.7944,5422.0397,0,1963.0915,0,2365.1507,0,0,2077.5401,2145.0153,2131.4133,2432.448,3000.9506,3029.1337,3367.3611,3143.5969,4411.9396,4353.1949,3360.7225,3080.0951
LPC O-20:0 (PC),45.673,24.3283,19.7158,27.7675,63.9265,40.8545,38.8325,43.2488,40.7598,23.9713,46.4536,34.5043,31.9713,39.8986,10.5043,14.6431,8.8986,15.0593,13.8325,6.7818,42.4982,55.8598,40.0153,23.0375,14.9493,12.7158,31.5043,19.7598,0,0,62.6898,10.9933,67.6557,68.1318,18.2488,24.5043,23.11,33.8083,55.7413,34.4378,21.5288,43.7598
LPC O-26:6 (PC),20.2296,27.6737,12.7102,26.355,20.6803,1.6411,0,0,20.5605,8.8931,24.5997,19.4625,0,0,4.725,0,0,0,0,0,22.0834,17.6033,0,20.7513,16.6055,0,0,0,0,0,0,19.8711,22.0392,9.9912,0,0,0,16.7966,19.4678,15.9788,0,0
PC 26:6 (PC),13.6252,0,12.5149,0,0,0,0,0,0,0,2.9621,32.4653,0,0,8.1938,0,24.9253,5.3185,9.7465,0,8.5172,19.659,0,13.2439,10.8553,0,0,0,0,0,0,0,38.2504,6.695,0,0,18.5414,0,0,8.2544,0,3.2049
LPC O-28:1 (PC),170.9919,153.3704,195.4262,197.9296,0,0,0,0,0,0,0,0,0,0,0,0,0,0,0,0,0,0,0,0,0,0,0,0,0,0,0,0,0,0,0,0,0,0,0,0,0,0
LPC O-30:5 (PC),36.8861,32.4106,42.4826,30.0805,17.0396,0,29.0934,24.4813,28.5078,45.6908,39.0106,38.9467,0,0,0,0,0,0,0,0,0,0,0,0,27.1905,0,28.0879,27.2521,0,0,0,0,0,0,0,0,0,0,16.8123,43.584,16.2492,20.9969
LPC O-30:0 (LPC),16.0431,0,17.0044,25.8199,13.2599,22.8242,0,30.7497,19.8817,18.0598,32.2983,43.1456,37.1988,54.8124,36.1453,38.086,26.4933,8.4584,29.3237,10.1086,39.0352,28.9545,31.0374,19.305,31.7284,28.1412,40.5238,36.813,0,0,24.946,32.5238,16.0669,52.8919,12.2607,32.2004,14.8779,0,32.864,13.0956,0,28.5346
LPC O-30:0 (PC),1932.6828,0,2091.632,2136.9987,2165.4814,2330.4935,1944.3505,1772.1887,2810.7093,2578.7659,3149.2739,2798.1649,5120.2449,5112.4813,5784.0188,5703.6288,3204.4418,2887.1858,3666.0853,3550.55,4726.6537,4623.3073,4232.3482,4608.1664,3582.3751,3715.9852,4354.5713,4370.1839,0,0,2433.4602,2950.7295,3663.4443,4102.2988,2145.624,2193.59,1833.5349,2010.1994,2931.5406,2728.7836,1988.4173,2184.5191
LPC 30:4 (PC),137.016,146.4881,144.6502,156.311,301.0645,247.4404,101.1582,94.4159,154.0387,155.2873,117.4064,125.3335,76.5999,85.4973,71.1956,45.8656,75.4518,85.7325,79.4609,54.8958,83.569,73.4891,96.33,92.2339,53.8093,77.0831,107.3226,105.9521,0,0,133.3419,150.4956,159.2431,124.6046,104.5893,78.8351,121.8734,69.0708,82.0886,75.018,51.7459,64.1704
PC 30:10 (PC),9.5279,19.7134,0,3.8186,0,0,7.0013,15.7113,0,0,0,0,0,11.4092,28.1951,14.2997,4.5901,18.0554,3.3534,14.1224,24.3712,7.2439,0,4.9102,61.6697,0,0.7775,13.4123,0,0,0,0,0,3.9124,0.8303,0,0,33.0022,12.2328,2.5182,0,0
LPC 30:3 (PC),53.6614,48.2131,85.0389,48.4653,16.2552,29.0551,42.1908,13.9389,31.1397,26.7093,36.4454,35.5999,36.9967,35.2074,31.6493,35.2111,23.0556,34.0783,48.8912,54.5656,29.1652,26.3729,17.4188,22.4488,1.0595,31.6862,108.792,50.6056,0,0,39.4156,34.6736,39.464,40.9798,32.8513,36.557,30.6948,9.7419,53.2681,34.0529,40.0048,29.1561
PC 30:9 (PC),156.3097,140.5372,181.2137,186.1735,110.9269,105.9801,114.155,96.9424,158.2052,167.2852,142.4422,217.6904,113.1897,80.38,126.2747,152.8534,143.4243,72.0941,128.9057,113.3281,145.7106,153.4254,151.2198,165.2321,111.1958,102.7199,77.5247,97.1607,0,0,90.6204,78.5862,101.0395,109.6247,92.4089,93.3301,80.1009,78.374,145.5913,133.3489,144.2946,102.2283
PC O-30:2 (PC),221.7957,247.0634,261.6413,260.6972,198.7751,156.7903,158.3937,143.362,188.9051,138.9493,181.1818,163.8826,110.7899,156.0155,148.3155,142.0672,158.4436,161.1188,135.3785,135.221,166.0286,201.9835,131.3198,162.6135,211.9579,161.661,258.2506,304.5998,0,0,118.4915,142.0251,111.2277,136.7973,114.5221,169.7032,95.8649,120.7971,198.3129,225.0982,164.0377,216.2688
PC 30:8 (LPC),32,47,54,41,30,37,32,28,19,48,27,43,27,49,30,30,28,41,40,61,42,37,45,34,51,42,0,38,0,0,23,23,32,35,25,32,39,42,35,47,35,28
PC 30:8 (PC),5466.7016,5305.3323,5769.8879,5563.5455,4457.0117,4627.2461,4014.091,4094.4847,4851.3485,4565.0651,5566.168,5353.789,3973.0259,3946.9129,4041.6774,4318.2276,4391.6523,3788.4811,4917.4298,5131.4149,5658.3642,5329.6074,5052.2328,5654.6918,3197.677,3288.2688,3702.789,3702.4894,0,0,2523.1149,2282.1261,3005.3282,3031.4508,3913.014,4080.404,3811.9633,3742.21,4964.8138,5496.6235,4496.3826,4419.2704
PC O-30:1 (PC 104),22,0,0,0,0,0,0,0,0,0,0,0,0,0,0,0,0,0,0,0,0,0,0,7,0,0,0,0,0,0,0,0,0,0,0,0,0,22,0,0,24,0
PC 30:8 (LPC),16.7721,18.6966,12.928,19.9268,13.8489,5.0803,7.7721,14.9256,12.771,4.1582,24.464,1.8501,0,12.6198,27.8489,20.8489,0,0,15.4652,0,12.3884,24.0803,12.7733,25.6954,4.5431,0,51,30.5419,0,0,0,10.6175,0,4.157,19.5407,10.7721,2.0035,0,13.157,4.6966,0,7.9256
LPC 30:1 (PC),2114.6124,2296.8358,2438.9715,2208.6073,1313.5499,1138.6319,1285.7779,1157.3604,1494.7176,1412.3612,1379.0015,1574.9212,1229.5437,1373.3373,1500.1344,1358.9016,1145.5334,1096.577,993.6672,980.7482,1661.1434,1766.5182,1461.787,1928.9628,1678.4508,1738.2552,2424.8657,2431.5647,0,0,1138.3878,1313.304,1579.5293,1793.9348,945.3974,966.8775,751.3924,871.8376,1744.3344,1547.956,1369.6826,1602.1508
PC O-30:0 (PC 104),12.9068,0,21.1568,30,33,0,27,32,27,39,44,30.5163,0,33,32,25,25,25,28,0,21.3169,0,0,9.1521,0,33,0,37,0,0,39,21.3169,28.5031,30.6764,0,0,22,12.9068,35,22.6764,16.8074,23
LPC 30:0 (LPC),75.0412,49.3715,92.722,80.994,61.9231,39.1546,45.8866,43.8349,62.1978,61.3676,41.6703,38.643,18.841,55.6581,40.8827,52.2402,39.687,10.6845,10.5126,34.6038,53.8609,54.3366,48.1916,64.9291,56.6983,50.5305,17.5431,29.6645,0,0,62.4572,64.741,92.0709,97.3707,37.629,21.2715,54.914,28.5305,54.5254,66.2318,35.6088,42.4201
PC 30:7 (PC),10392.1703,10349.9418,11549.34,10934.2847,6892.0047,7084.9505,6003.8025,6438.6871,7655.9909,7636.1279,8003.4962,8547.6107,7560.1007,7866.4329,9155.1108,9151.2693,4705.8955,4743.9257,5061.7247,5106.7668,9644.8883,9781.5745,9649.9588,10014.3153,6113.5997,6510.6446,7200.7854,7495.4444,0,0,10066.0633,9941.6314,12797.9835,13452.1998,5576.835,6362.5309,5579.775,5561.6613,8439.8628,7980.5701,7224.2662,6969.8314
PC O-32:9 (PC 104),42,25,39,25,0,0,0,30,0,23,39,24,23,0,0,0,0,0,32,32,42,27,27,29,23,30,0,23,0,0,24,0,0,0,0,0,29,37,0,35,0,0
PC O-32:9 (LPC),72,72,94,111,57,65,57,59,115,108,101,93,101,106,54,81,59,70,45,62,76,92.5031,84,84,71,64,72,33,0,0,47,42,49,34,57,50,45,67,17,71,49,59
PC O-32:9 (PC),11696.1103,11623.0666,13218.1565,12006.0175,7717.285,8085.643,7175.8686,6833.0627,11100.9552,10873.6577,12337.7515,12938.0172,9623.617,8995.9671,10081.7201,9969.1073,7757.0674,6806.39,8467.4252,8187.322,12502.5043,12098.5574,11696.6833,12382.048,7518.7157,7336.2596,9199.4244,8918.1597,0,0,4640.7008,5139.7791,6192.1294,6444.3759,7283.7828,7037.07,6368.3392,6527.7805,8702.3142,8666.3711,7402.5619,7222.2108
PC 30:2 (LPC),2.4221,27.4221,0,0,5.6675,26.27,20.6675,0,29.7853,0,0,2.8785,0,1.7325,19.3166,19.4749,0,0,19.2638,8.919,2.2233,21.5504,0,19.8258,25.9718,11.8196,0,13.8601,0,0,0,14.9129,5.065,18.3104,0,14.5153,9.2638,0,42.6552,12.9718,25.065,2.5681
PC 30:1 (PC 104),42.6103,0,0,0,0,0,0,0,4.7693,0,0,0,0,0,0,0,0,0,11.1454,0,0,0,0,0,0,0,0,10.2064,0,0,1.6766,0,1.3628,0,0,0,0,0,0,0,0,0
PC 30:1 (LPC),0,73.3328,24.3759,0,0,12.9179,0,0,34.3024,0,0,15.8276,0,7.8506,24.6749,0,0,0,59.0785,25.9109,0,90.6888,0,0,27.6898,87.9979,0,22.7731,0,0,88.9098,0,53.0966,0,0,11.4598,0,0,0,47.5405,56.7029,30.6882
PC 30:1 (PC),22745.2431,20740.389,24514.4358,24339.895,33000.0998,26075.3399,16169.3166,12650.2437,29129.9135,34446.3391,28641.1305,42815.4963,33716.8924,39663.5644,45207.8455,47364.2251,38990.5419,32056.3867,46664.5017,49541.6782,49663.5366,40884.1225,43611.2402,42883.2302,6826.7816,5163.2793,26795.8684,20138.0761,0,0,1068.2155,0,3492.4047,9286.7159,4022.359,7612.7368,1173.3231,2208.138,36446.9578,46106.2695,39863.0231,30146.7735
PC 30:0 (PC 104),50.2781,55.1886,87.5206,63.4619,92.2495,114.0451,96.8573,39.016,82.3484,74.8752,54.1778,13.2658,47.1245,113.8266,103.8109,106.6922,23.1329,100.5081,82.3434,77.9337,114.0074,53.3296,150.9151,75.2755,68.5248,77.2642,72.7775,79.148,0,0,81.4141,65.7821,104.0788,91.4486,54.1758,69.1461,68.928,53.2136,90.5726,61.2891,32.1988,74.7472
PC 30:0 (LPC),190.891,282.9248,264.9216,266.8636,386.719,289.1473,278.8362,282.3935,355.5726,327.9349,325.8889,349.2005,367.9239,416.0647,535.9326,503.7992,420.4064,277.2649,296.0433,329.3453,516.2381,348.7798,397.0914,518.1936,302.9197,418.8093,365.6079,422.7084,0,0,377.3465,416.1878,423.5,458.9532,197.1902,255.346,240.9131,194.1596,297.9543,393.8561,202.9374,280.5372
PC 30:0 (PC),36219.7971,38017.1486,44057.2244,42985.3845,51784.2006,47415.2372,39487.4704,40655.3206,50885.7114,52210.1741,65078.8691,53018.9699,68173.2394,65742.4066,79185.6842,70928.3772,51240.6568,52376.1751,55618.4203,60183.8824,78093.1656,73632.9625,71281.6819,73249.2243,48029.1923,53898.9584,62538.4842,67071.6209,0,0,50106.1141,50483.3737,65160.4192,67149.8789,37514.5339,36772.4404,38665.2364,37217.6422,44676.3489,51436.7876,44241.4894,42780.1995
PC O-32:2 (LPC),30,32,74,57,47,22,0,27,54,32,44,32,0,0,0,30,0,0,29,30,25,33,0,0,25,52,44,27,0,0,0,0,30,27,0,39,0,0,50,49,30,42
PC O-32:2 (PC),4863.5518,5169.4072,5705.8027,5696.0069,3355.6497,3202.7508,3038.2655,2911.7782,3495.5635,3269.6304,3650.3392,3950.4736,2661.123,2637.7799,3140.8024,2825.6058,2196.6392,2162.3398,2370.7795,2540.9281,3521.2163,3584.443,3356.7374,3396.8499,3795.2724,3338.1049,5070.7966,4800.7126,0,0,2118.3336,2148.0719,2319.4541,2675.4043,2432.1324,2322.8843,2145.2597,2013.8698,4952.6386,5289.4866,4483.0296,4529.0345
PC 32:8 (LPC),27.1695,12.0475,0,2.0221,0,24.6577,32,7.8526,1.7052,7.0475,22.3153,17.0475,42,39,37,16.1695,27,39,22.7306,10.1695,30.9746,8.4865,0,42,8.9746,10.8272,4.3153,24.8526,0,0,0,23,8.1695,0,0,0,0,0,22.9492,4.5102,20.1695,5.4374
PC 32:8 (PC),1683.1305,1513.5034,1620.8327,1439.9595,1948.1885,1839.1582,1622.5634,1576.4468,2253.7579,1973.6171,2464.9704,2101.4696,2236.5581,1878.7879,2149.7648,2302.7341,2509.0768,2235.1294,2784.054,2689.7573,2142.8975,1938.2429,2013.5476,2224.5191,1142.5314,1383.6457,1299.4244,1842.9919,0,0,936.3381,1011.914,1280.8004,1311.6392,1272.8962,1388.9744,1206.2725,1352.9856,1480.8524,1442.5193,1284.2147,1084.6806
PC O-32:1 (PC 104),89,93,83,74,52,47,69,54,57,49,33.4086,58.8186,47,61,59,52,34,29,34.5469,22.8549,49,62,52,54,50,39,62,52,0,0,28,25.2639,74,43.8912,47,42,34.8549,26.4149,72,67,76,69
PC O-32:1 (LPC),200.7667,259.9177,296.6894,203.3831,164.1811,154.5068,145.0475,164.1029,201.06,194.7227,152.1609,135.1126,131.4374,177.1204,195.2424,169.9379,88.8526,109.1204,73.4234,127.304,186.4638,169.7491,167,143.4374,135.8061,143.2751,165.2592,133.5656,0,0,150,117.0966,170.426,149.8526,111,67.1204,145,144,198.8072,198.3181,189.6938,207.9625
PC O-32:1 (PC),37521.4173,35886.6422,41357.4719,40056.6007,24806.538,23756.3056,20455.9,21394.938,23696.7803,23546.9046,25352.4922,25190.7625,21918.2157,22263.8235,29224.2658,27405.7404,15038.7721,13624.5679,16351.9207,15594.113,27656.8395,28330.6886,27575.1254,29782.4561,18571.3679,19782.6004,25173.174,23888.9521,0,0,19576.7457,19969.1956,26224.1805,27479.0004,17196.9321,18434.2188,16293.5676,15691.5986,33159.1742,34692.295,29740.2518,29094.8984
PC 32:7 (LPC),41.8122,0,0,13.5966,9.2708,0,0,0,0,0,0,35.2601,0,0,0,0,0,0,21.0267,0,0,0,29.3104,18.5423,2.4554,9.0258,20.0516,0,0,0,0,14.4807,0,0,0,34.8564,0,10.2138,7.9238,0,0,0
PC O-32:0 (PC 104),62.0619,86.9376,120.6648,117.8489,67.0189,52.1081,59.0828,8.0938,57.1553,66.537,89.0949,49.1568,33.1001,28.823,60.8099,65.0189,32.5405,40.4022,19.5642,35.776,55.537,58.2918,53.2384,40.0938,13.3831,21.6788,14.5151,14.2384,0,0,77.7446,58.6675,92.2192,52.4663,40.1001,34.9618,64.3007,60.2916,68.5646,82.4282,67.8738,60.0828
PC O-32:0 (LPC),285.0388,263.1662,411.23,296.1496,168.2236,177.3231,182.7663,178.2784,223.1916,185.1844,196.6714,169.9748,178.6856,158.1893,223.2435,207.0041,127.2873,100.5017,152.0432,172.3036,224.7722,253.2838,198.7744,199.2867,122.5808,141.4376,149.864,111.7723,0,0,240.0461,180.6027,288.1989,263.1394,236.5341,203.9338,146.8779,154.3142,206.4107,219.5789,203.5796,146.9816
PC O-32:0 (PC),55624.0934,54993.2724,60624.3322,60077.9689,29019.9195,28876.0106,26555.5698,27032.039,29161.6137,29398.1018,30462.3161,30467.5678,24229.0856,24122.4351,27393.3312,27815.5181,17689.0035,15209.7382,19270.1888,18578.3506,36778.8127,33870.0865,33590.9494,36732.6593,17613.4651,17804.0338,22936.8725,21400.8763,0,0,34623.6182,31785.8133,39734.8852,45530.5506,28325.7799,29032.6342,26291.0995,26975.2871,32855.228,33156.8464,31616.5996,29669.0533
PC 32:5 (PC),242.8536,233.5771,65.266,144.6249,169.7121,137.3333,8.3514,40.2943,157.1003,207.0793,180.4848,98.4621,124.3956,142.856,124.7345,146.9118,156.6311,128.3349,201.8046,113.7915,176.2145,219.7724,124.9775,169.4138,0,0,86.9744,149.6058,0,0,0,0,0,0,0,0,0,0,206.1538,295.8517,0,0
PC 32:2 (PC 104),67,57,77,69,35,57,28,52,42,39,40,59,40,51,52,52,63.8481,35,24.8102,50,44,57,17,45,43,39.3307,43.062,42,0,0,25,32,41.1634,39.4551,0,34,29,33,120,81,103,98
PC 32:2 (LPC),276.8171,252.6916,327.5469,261.9912,232.9806,249.9889,170,129.8362,201.8299,199.9832,208.8742,218.4086,189.9883,203.9703,251.7198,217.4086,180.8841,162,248,186.6916,259,176.9702,234,256.4022,151.5469,158.8949,210.2821,208.6788,0,0,115,76,135,182,123,106,86,122.9876,496.4086,489.4022,348.4022,391.2639
PC 32:2 (PC),36782.0776,37629.1207,40927.1034,41079.3321,25975.3789,25889.7474,20887.1222,20737.3615,26851.9598,27325.1412,30605.8789,29961.2966,28955.1492,27687.9621,34261.922,36052.0731,25284.0016,22920.9,25781.8433,27814.8535,33001.8479,30816.2024,29977.3071,30396.4812,20002.5761,21826.6322,29178.8128,27893.8512,0,0,14018.9757,14819.4797,18738.6772,20941.1678,12789.073,13688.4315,12220.8112,12316.4475,66980.4777,64764.2345,55648.7975,53740.7015
PC 32:1 (PC 104),305.3043,234.7858,280.7477,280.6272,315.9741,273.7858,213.9255,244.6497,278.6841,283.7833,271.0265,309.7636,359.1121,331.861,389.3726,408.9601,283.7195,225.5719,284.6717,270.8901,378.505,350.7858,327.3168,347.0011,187.2658,272.6454,393.1432,294.4311,0,0,164.4085,136.408,176.1826,232.6726,197,151.7309,156.1726,184.4878,431.9357,422.806,384.1091,308.4388
PC 32:1 (LPC),1248.2931,1240.9742,1329.4461,1317.6632,1291.3727,1188.8235,1195.2048,1128.0008,1210.555,1282.8351,1277.0672,1222.7417,1597.8533,1558.3397,1814.3881,1804.1401,1301.4523,1240.551,1301.167,1452.609,1625.7914,1574.5226,1540.7881,1613.8989,1157.3106,1437.3286,1625.8261,1590.5801,0,0,750.4619,848.4225,933.2442,1029.3715,916.4051,860.6278,839.9711,886.8308,1696.4632,1601.4187,1491.8182,1411.1368
PC 32:1 (PC),116906.8213,123758.4351,126005.8364,129498.7762,119881.2887,117016.3175,104885.7931,118971.1882,106607.1092,119926.8229,109690.456,107252.2373,118078.6363,109520.848,116280.252,118361.7268,121679.1987,135025.9914,123163.148,120364.2429,119884.2712,121081.8405,111198.7302,129396.2404,110867.1975,118893.8064,119801.6121,114291.7909,0,0,108098.6395,99326.4574,114230.4539,107152.8434,111937.5978,114160.1618,108300.7391,109986.9315,121017.4493,117635.8701,124784.0976,116563.1271
PC 32:0 (PC 104),187.752,224.3572,250.7757,214.206,195.7117,147.5748,167.6948,111.1665,104.0842,174.1608,141.2711,145.94,123.7548,122.2063,69.2975,100.2858,81.302,110.2368,89.8524,103.3404,137.9987,122.5654,117.2763,116.8134,71.9036,85.8849,51.2731,136.3861,0,0,170.5804,182.0329,223.7871,139.5231,126.6984,156.3191,146.3282,108.6249,154.796,128.8851,83.2862,116.1034
PC 32:0 (LPC),1060.5514,1045.6628,1264.4089,1113.5637,863.0381,848.1813,749.2581,780.6857,724.2616,712.0591,799.8417,732.4134,516.2845,453.359,459.2134,475.2556,476.7581,467.853,417.7899,536.0579,664.1016,647.9567,732.8481,741.621,374.313,330.8546,390.9585,457.7221,0,0,730.8457,847.1572,847.2193,863.9873,635.7134,718.0217,692.7653,668.7847,610.0157,725.4674,652.3987,721.6879
PC 32:0 (PC),103269.0955,93987.7642,90382.655,90994.6059,78562.7175,78036.9969,87180.5383,94467.9665,82417.1386,94465.2362,97006.6273,86526.995,70384.514,60235.1063,54305.5774,61813.2019,69734.7111,64212.2977,80292.5845,77719.4669,82420.4043,70854.2086,83885.6333,77708.9346,59895.9466,56726.4885,65964.5322,73174.3839,0,0,102643.6558,113041.0848,109219.2749,95154.2766,98721.3214,99080.7049,102288.8399,99917.5801,78750.5578,78010.4883,83313.3707,78863.2308
PC O-34:5 (PC 104),24.1538,44.7144,44.6307,42.1078,77.8223,91.8034,80.0417,62.2985,82.0403,63.7196,31.0578,48.8373,24.6882,49.7764,42.6705,27.5905,38.4684,41.73,40.121,39.5892,63.0956,12.5108,36.9767,63.3332,57.9328,26.2943,50.0984,31.1407,0,0,51.9708,76.5323,52.8129,64.643,82.7134,57.7858,55.9555,49.937,23.3731,15.2559,20.3008,27.0432
PC O-34:5 (LPC),84.4118,115.7561,142.4499,134.3506,262.8466,237.9353,177.7781,233.0821,178.6749,206.7136,165.8506,191.6266,114.9265,119.2474,116.8271,121.2519,118.6042,195.9775,80.8336,102.7451,107.527,122.3247,132.624,128.1613,100.4474,99.8015,145.4127,157.0626,0,0,181.5386,249.9414,161.4268,210.8409,163.5486,128.1852,161.1206,147.955,145.3574,143.6681,69.0612,83.6061
PC O-34:5 (PC),17857.4189,18372.828,18875.5619,17705.004,42447.0029,41836.5258,32997.4426,33949.3208,25388.9379,25658.0319,28385.6162,28675.6036,20698.1943,19633.9726,17680.3875,18496.5168,25800.8489,25569.0606,18680.024,19003.403,21083.9578,20166.1551,17228.4589,18752.1152,15996.911,16436.5673,25586.624,24316.76,0,0,30975.0847,30935.4686,30981.5644,32302.3707,25336.7644,26176.6046,24759.7298,25261.7244,18476.7104,20690.6014,17093.4778,16332.2093
PC O-34:4 (PC),213.104,0,354.3319,365.8331,0,0,0,0,0,0,0,0,0,0,0,0,0,0,0,0,0,0,0,0,0,0,0,0,0,0,0,0,0,0,0,0,0,0,0,0,0,0
PC O-34:3 (LPC),23.2412,23.7788,18.8184,18.113,0,28.3451,0,13.4877,15.5007,16.4804,0,21.9402,0,0,0,0,0,15.8713,14.9082,24.0073,18.7107,0,17.1758,0,18.8575,15.08,34.7106,0,0,0,0,0,0,0,17.0024,0,0,13.2387,31.7126,27.7741,21.6885,50.9588
PC O-34:3 (PC),3753.6992,3975.7688,4276.7897,4103.1071,2521.8996,2694.7488,2417.0048,2358.5913,2321.1578,2283.029,2721.8813,2629.3314,2431.2751,2431.683,2670.1186,2638.7608,2436.5708,2379.294,2295.3249,2511.0868,2874.0202,2885.8299,2823.1702,2990.0998,3378.7916,3318.7766,4457.6007,4473.2068,0,0,1259.3816,1251.5653,1604.3516,1692.2275,2205.5241,2333.641,2161.1996,2252.872,3891.7274,4328.0764,3788.4617,3463.303
PC 34:9 (PC),287.3405,323.6534,439.5819,341.9072,578.1,231.7231,625.4224,553.8571,576.2373,804.2145,661.4544,618.1501,706.5277,931.6893,1048.6742,1163.5647,865.8276,758.1816,1257.3653,1119.2501,909.627,1135.9283,1020.5848,1117.4858,317.2625,413.4703,291.3993,558.111,0,0,468.0537,304.226,486.9528,483.5221,558.2472,496.4661,514.1179,627.1616,803.0714,577.4932,689.1195,935.3537
PC O-34:2 (PC 104),73.9771,105.8836,98.9576,96.9024,60.9102,60.9128,49.924,49.9262,41.9221,41.9395,44.8646,51.9065,36.9766,50.8469,60.9377,39.852,36.919,26.8976,32.9619,28.9624,66.9401,65.9251,51.916,53.9399,44.945,41.9018,69.9097,51.9057,0,0,28.8239,28.813,42.4401,50.9406,43.9214,48.9451,22.8876,37.9526,77.9778,74.8218,41.9807,80.9743
PC O-34:2 (LPC),293.2392,304.7726,362.4118,337.3194,159.7872,164.2634,160.8202,170.9391,174.8082,177.2137,183.6608,167.97,132.0944,128.8961,198.1346,163.9002,141.7444,105.3282,102.0902,136.5093,199.5233,244.4005,198.8678,222.837,185.0022,198.845,202.6231,230.1448,0,0,87.853,110.7976,127.8693,144.8293,136.944,152.8583,161.5906,112.9385,317.2485,306.9427,211.0849,206.1897
PC O-34:2 (PC),44804.3314,43505.7638,52966.0101,51096.9048,24223.2779,26731.112,22264.3618,22110.9196,23118.1184,23584.4548,26322.7388,25759.041,21655.1349,19968.3699,25024.4689,23633.847,17126.4224,15330.921,17085.8593,18337.2732,27738.5015,26942.6757,26585.7163,27688.4249,24337.3908,26513.1521,32901.0464,31175.5623,0,0,13686.3391,14101.3202,18254.3407,19455.017,18880.5034,20197.7179,18295.0749,18190.0427,41219.9772,42841.1042,37088.3631,38228.2998
PC O-34:1 (PC 104),251.2546,210.3249,246.613,239.9939,150.6822,135.682,123.2961,91.2946,127.2106,113.0467,130.3046,138.1158,149.9996,97.7452,187.677,143.2867,103.0331,88.9953,90.3882,93.7679,133.5621,147.7747,130.3528,173.9776,98.2585,113.068,117.4042,142.3545,0,0,68.8238,97.8305,117.7136,135.6678,101.8675,125.8785,82.3813,81.4189,181.5112,182.0949,172.0732,136.8217
PC O-34:1 (LPC),896.5618,784.4688,987.4708,809.8594,521.7684,547.4781,426.1968,456.8514,509.2168,428.6123,581.0841,510.0579,553.1755,497.9867,642.203,583.7758,460.597,353.3893,348.6228,363.1202,674.5186,632.1933,626.7053,731.0685,445.2398,437.7837,642.3602,531.8035,0,0,412.2571,392.1455,453.0863,587.0472,395.8084,455.6084,436.2372,383.2496,700.4257,767.3624,787.3431,640.0983
PC O-34:1 (PC),109818.2533,113774.6502,112075.5329,113316.0996,86329.4214,84115.2224,77344.076,74853.5437,78296.7482,76608.9222,81246.1921,84884.9608,78600.4729,79870.5589,94733.8063,85704.2968,64074.0554,60676.9039,64711.6147,66720.7195,96142.7427,97359.6876,97875.3522,102369.4704,69759.7449,75587.5363,90415.3593,88723.1492,0,0,64344.8709,66601.3167,78399.9089,86315.2623,71438.1724,73526.9922,65031.1153,69849.5178,99657.8496,105903.8664,95751.4758,100451.3694
PC O-34:0 (PC 104),16.8109,4.1983,0,4.7469,6.587,0,0,25.0217,3.0776,0,10.9777,0,0,19.786,13.7129,0,6.3656,9.3784,9.8749,6.4083,7.7269,6.8816,10.4256,24.306,19.9288,2.3,0.3638,8.1957,0,0,0,0,0,0,11.2996,7.6354,8.7692,0,0,7.6554,0,0
PC O-34:0 (LPC),17.4474,22.4599,33.7231,19.7072,18.3762,3.8206,20.5781,21.031,10.4984,38.0487,37.6996,39.5082,0.7358,17.919,0,31.3239,17.558,21.9855,22.1074,21.0504,42.8389,47.1533,29.4123,22.5729,20.0208,0,0,26.2121,0,0,0,13.0218,40.9925,8.879,31.1836,16.381,12.7781,19.5906,27.4461,0,0,0
PC O-34:0 (PC),7166.4732,4599.5736,7152.6385,7236.3505,1681.7363,2024.9788,1214.4763,1614.8958,3453.6114,3619.503,4523.3993,3532.457,1594.4125,855.479,1333.0685,2995.8288,1161.4627,1828.538,2239.9285,1993.3031,4955.8153,4823.7411,4062.1302,5216.3431,347.7842,0,713.2081,0,0,0,305.5769,4.5352,470.767,423.7262,2621.8789,3245.4382,3199.5435,2634.1541,1381.3441,791.8308,0,0
PC 34:6 (LPC),2.2503,15.9453,0,12.0832,0,0,0,0,4.5683,0,0,0,0,18.5968,0,0,0,0,0,0,7.4304,9.1368,0,0,0,0,0,0,0,0,0,0,0,0,0,0,0,0,0,0,0,0
PC 34:6 (PC),301.5063,666.7635,552.5125,641.2035,464.8316,544.0313,323.1531,393.1259,610.528,368.0111,630.0453,652.6649,611.7908,564.057,678.1249,788.1351,445.4753,448.1956,602.745,533.3644,813.1683,992.3245,659.8576,806.7067,622.0637,464.0101,417.2499,566.064,0,0,450.6899,320.0123,420.722,387.7429,414.6915,432.1241,565.2723,290.9028,761.8011,739.8615,538.9607,551.5136
PC 34:5 (PC 104),26.0475,0,0,0,38.5772,39.8711,22.8829,23.8507,24.7485,22.8926,31.5644,21.8688,0,0,0,21.8639,0,24.5172,0,0,24.2613,0,24.4335,0,0,0,22.8731,0,0,0,0,0,29.8468,22.8712,0,0,0,22.8442,0,24.502,23.8347,0
PC 34:5 (LPC),81.3589,37.6119,69.841,69.0488,143.1576,134.5999,95.4166,90.99,80.7932,83.7991,106.0451,81.0381,98.4858,54.022,57.5037,12.511,82.9229,86.2151,73.4978,57.2161,50.1062,57.5828,57.3227,48.6504,60.8419,41.6159,78.043,65.3295,0,0,85.108,101.4955,101.3871,85.8565,95.5749,85.7465,70.1275,61.8029,43.3334,56.3268,58.3288,35.8047
PC 34:5 (PC),7735.41,7664.6762,8304.3991,8207.9964,19171.5768,18142.0545,14938.0186,14339.6117,11912.6672,11992.0472,13711.3296,12951.4775,8679.5095,8384.832,8089.8355,7652.7593,12500.2443,10654.8524,8528.8693,8750.686,9486.7207,8581.6417,7605.2234,7934.6105,6552.5735,6910.7813,10202.0929,10373.2089,0,0,13990.7183,13509.066,12914.8166,13791.9036,10406.6222,10822.0247,10409.3808,11021.3304,8776.0359,9246.0112,7244.7402,7731.624
PC 34:4 (LPC),8.8886,8.0296,0,8.5612,0,0,0,0,0,0,0,0,0,0,0,13.4912,0,0,0,0,0,17.7606,0,0,0,0,0,0,0,0,0,0,0,0,0,0,0,0,0,0,0,0
PC 34:3 (LPC),150.0324,108.0425,75.5751,139.3392,62.465,92.774,71.9191,66.9724,98.1744,76.2886,100.9255,72.8223,92.8215,51.6995,98.9751,119.7009,65.3869,41.7731,115.0398,85.7459,113.8076,105.8967,73.8122,102.7652,62.127,65.6647,93.7346,136.7443,0,0,92.4468,28.5452,55.3962,83.8805,38.698,54.0759,46.2409,52.3519,154.0302,121.1097,143.3777,97.1155
PC 34:3 (PC),16052.9994,15899.5191,18798.9843,18286.1248,10039.5302,9108.2087,8119.3898,7731.427,12362.7241,10669.9074,12574.4944,12633.1429,10114.4862,9768.8404,11514.5532,12228.1509,9998.948,8911.7344,9829.6076,10523.7921,12177.7575,12352.8059,10888.9954,12568.2738,10442.7806,10564.7048,14931.5468,13998.2192,0,0,7373.081,6502.7493,9017.3387,10394.3364,7770.7498,7668.3361,6637.2458,7526.8611,16677.9229,18753.1128,15303.7901,15181.7414
PC 34:2 (PC 104),401.0562,341.3832,412.1866,402.928,261.7526,316.2989,258.6563,257.4614,361.4257,255.3247,337.9625,358.5743,306.4403,309.8035,318.949,319.8955,306.437,298.9929,270.7725,301.1816,366.7579,340.7808,411.1191,332.5924,271.0844,233.5199,347.0398,384.2801,0,0,190.4506,142.9848,223.4933,198.9914,209.4292,207.6037,158.5796,177.8407,510.0167,557.7686,355.5566,455.6026
PC 34:2 (LPC),1694.3005,1695.417,1767.8547,1699.9876,1434.8112,1300.5459,1112.0894,1211.3684,1634.7627,1508.0987,1638.2834,1589.2479,1287.1012,1449.7561,1573.3056,1792.2329,1324.5751,1184.0672,1478.1646,1592.1992,1814.1038,1701.6387,1740.0587,1664.8062,1152.931,1175.6137,1615.4152,1453.5752,0,0,740.9847,766.6706,1042.2109,1195.0181,914.9224,965.3285,929.1901,926.2341,2359.7275,2428.5364,2046.1704,2088.1967
PC 34:2 (PC),116290.5786,124611.2537,135608.0961,121719.5924,105328.5038,112793.8139,100130.0986,108474.0186,121223.4575,115999.4033,123762.3298,105094.1966,125405.0311,120944.0299,111983.9848,127914.7471,119066.0566,117653.8573,114909.6236,118750.0636,117295.5322,119599.1136,117570.9085,121592.0893,121832.4602,120818.6737,124407.7652,112481.2468,0,0,106922.8417,103229.4681,110887.2966,121699.879,110947.2165,105671.9273,111222.3715,111136.5084,115282.9172,118513.6648,121415.458,115788.6927
PC 34:1 (PC 104),1134.7628,1189.2994,1164.1924,1246.2836,788.1294,861.1828,751.3635,764.8382,823.926,762.8861,854.0177,791.0263,827.9867,883.627,1071.5991,985.3871,879.2861,828.6551,823.9804,1025.5884,1222.6242,1131.6009,1088.1972,1199.3008,797.7883,927.9511,1029.133,1064.6795,0,0,435.3032,524.9639,544.9422,669.7912,769.6486,788.0031,751.0702,775.7382,974.6873,1013.4472,1048.3502,906.7218
PC 34:1 (LPC),5284.7011,5269.5475,5568.329,5552.0595,3674.4518,3364.5685,3114.4747,3278.8887,3585.3284,3355.6367,3633.8868,3615.6074,4488.9711,4146.2401,4736.0613,4945.1664,4111.1044,4277.7785,4272.073,4475.1297,5232.8491,5415.6739,4980.6233,5079.7609,4107.9924,4062.0504,4680.998,4522.2862,0,0,2395.3565,2116.5111,2725.3057,2951.2205,4062.3673,4120.51,3589.782,3691.6216,4705.4279,4913.2149,4342.882,4312.2729
PC 34:1 (PC),83766.3685,85561.393,81557.5325,82140.8215,94850.3566,102064.407,92072.8954,95801.1981,88402.6719,98158.3592,100967.714,101401.8593,102821.7061,95017.2832,92555.9269,90731.2401,101931.2441,93384.5284,95910.0948,98785.3787,94747.8967,100477.0279,99227.5456,84007.2597,114180.1224,109528.829,96253.4676,74166.158,35,42,117976.2607,107761.8684,101690.1099,111872.8479,111103.05,106654.5636,111097.5112,113597.4109,89029.4948,86088.4903,97494.8346,79648.8201
PC 34:0 (PC),35749.205,46010.5064,63296.791,56792.4348,20116.8663,14713.253,0,9492.838,6339.6673,14584.5465,28810.1672,10046.4159,32713.4594,23661.5713,42936.5892,35171.4406,18263.8857,15585.3769,23850.5934,39953.8281,40965.6919,33893.3642,40432.0538,35962.1326,15474.3272,20952.6749,45970.1537,44061.3814,0,0,0,0,0,2131.1826,20396.4984,21851.9003,16801.1239,12090.8777,29809.6003,31940.8898,33990.4585,19169.3611
PC O-36:5 (PC 104),35.8346,30.7786,33.8044,47.7201,24.1906,0,36.2284,35.3663,24.1539,29.2165,0,0,0,0,0,0,0,0,0,0,0,0,0,0,0,0,0,0,0,0,0,21.4598,0,21.3121,0,0,0,0,0,0,0,0
PC O-36:5 (LPC),90.9812,82.3175,76.4546,108.8252,102.5104,99.8047,60.2669,89.2541,63.2346,60.6522,61.2459,78.5663,24.7369,0,18.5022,30.3036,21.0957,0,27.9429,0,45.0304,16.8568,22.6017,51.9046,29.0987,38.1423,53.4223,52.7052,0,0,32.6172,47.99,54.4118,43.26,23.8833,43.0868,46.5908,36.872,0,37.334,22.8756,19.7135
PC O-36:5 (PC),12538.5055,11789.7271,15353.4941,15293.8124,12216.4822,11762.0066,10472.0283,10994.2906,7516.1694,7340.7252,8809.7595,8602.678,2542.8147,2607.836,2671.3154,2712.1043,2943.4957,2902.8154,2870.5814,2620.6857,4054.3418,4017.7719,3612.7083,3852.4615,4549.2277,4209.5407,6440.5581,6236.8524,0,0,4917.8368,4789.2377,6389.3527,6791.8232,6305.5458,6213.7078,6141.949,6212.0772,3991.7932,3944.6552,3443.5875,3488.9179
PC O-36:4 (PC 104),93.9345,85.9903,94.1215,80.1658,63.0592,71,35.8006,40.1238,31.0819,20.9551,17.8599,34,29,28,38,29,25,27,25,22,29,35,25,22,27,35,47,30,0,0,47,30.7459,62,69.837,54,43.9992,54,52,42,25,25,38
PC O-36:4 (LPC),228.7692,312.8171,240.8755,273.7097,204.9529,193.4556,152.6358,189.3873,86.7513,87.9154,127.2438,84.4019,52.282,12.4061,36.3659,38.9699,48.7601,22.198,28.3026,42,59.2077,95.9705,67.2357,91.066,53.1311,86.9129,101.4194,113.3446,0,0,182.2468,136.4468,181.5359,190.3664,178.3222,166.3641,194.9488,141.4119,91,77.3553,89.455,94.0574
PC O-36:4 (PC),43494.3501,43927.5778,51487.9439,51886.7305,25713.6662,25498.4573,22808.616,22476.8995,12522.276,12685.6934,14454.1028,13981.5492,7442.6018,7405.3917,8425.6083,7904.6245,6135.2722,5297.3053,5499.0018,5812.6423,11219.7372,10807.6811,10293.0609,11251.5766,10552.3323,10998.5735,13123.3527,13861.7508,0,0,21587.2152,21086.7466,28259.6333,27898.7772,24913.8957,26421.679,24757.4007,23992.1524,11110.712,11312.8586,9996.6602,10613.61
PC 36:10 (LPC),25.8632,0,40.8036,0,0,0,1.7376,0,27.7479,4.0671,0.5295,12.6113,0,11.7526,6.7442,14.183,7.5388,12.7946,15.9379,20.0107,0.4055,0,14.7429,10.6734,21.5708,0,20.6831,0,0,0,0,0,0,0,0,0,0,0,0,0,0,4.8732
PC O-36:3 (PC 104),12.7793,8.4782,24.7217,54.4039,11.2627,27.8417,13.9311,0,0,0,9.1377,0,4.0888,21.5096,0,5.0888,0,0,0,0,0,0,0,38.4122,0,0,0,18.4712,0,0,0,0,25.6364,0,0,0,0,0,9.0597,22.5593,0,1.5302
PC O-36:3 (LPC),115.8984,73.2944,83.512,113.2244,55.2195,49.3742,55.3117,47.7512,47.6145,51.4446,69.5683,40.1356,58.2872,67.7356,70.4039,37.9368,34.661,46.2496,29.6496,49.0635,38.9354,67.4877,63.6488,43.2473,16.277,37.591,46.0745,55.4541,0,0,33.8127,29.7103,49.6031,66.1965,52.963,55.3494,58.4153,44.0212,87.0916,98.1208,62.8635,104.3572
PC O-36:3 (PC),12478.5605,11922.8126,13566.6635,14650.7478,6056.7577,6042.894,5427.7713,5817.5683,6422.4788,6404.7502,6750.9616,6766.137,6939.9536,6409.7299,7659.0391,7567.0393,5665.5299,5354.0707,6604.2014,6235.9429,8513.0748,8454.701,8518.7371,9082.9495,7795.6067,7890.0006,9748.244,9676.7165,0,0,4359.0437,4599.703,5567.5791,5992.6441,5788.4683,5923.7436,5283.5745,5458.3965,11517.1696,12511.5245,11052.7468,10730.496
PC 36:9 (LPC),21.3808,53.8547,30.4668,18.1717,20.1505,29.1611,26.7668,20.2439,9.2255,9.1934,22.5171,18.7561,7.3813,5.0277,13.4244,36.4883,35.4499,5.4525,28.7454,14.7044,27.6184,25.0934,16.702,41.9981,20.7088,24.6642,40.9084,57.7317,0,0,21.92,8.152,12.4967,0,36.5436,26.4329,0,34.4908,12.523,9.3087,29.1926,0
PC 36:9 (PC),4649.8682,4455.4227,5385.2048,4111.0714,2433.7424,2374.4398,2744.5813,2327.7958,2969.8838,2669.321,2956.4507,2870.6337,3219.577,3329.4793,4276.3301,3799.3055,3527.481,3100.6131,4087.585,4340.0913,4400.4515,4325.3063,4138.0227,4560.8357,2766.9971,2640.976,4482.3366,3895.0385,0,0,1493.4122,1544.6438,2175.9744,2159.7943,3384.3794,3015.1465,3209.5787,3373.5804,3059.1529,3298.4317,3098.1897,3159.9992
PC O-36:2 (PC 104),90.8367,74.8901,93.4913,121.5169,35.5606,29.6342,31.6444,44.1401,55.5854,59.032,39.7084,60.482,72.1798,41.5264,57.3034,38.5622,26.8838,53.7945,50.8838,35.1395,54.0715,46.1602,67.2869,42.2933,42.7945,55.4373,42.9015,49.2522,0,0,28.01,38.6629,23.398,29.9738,42.589,45.0355,21.4167,22.1033,68.0947,73.9505,60.8838,63.6743
PC O-36:2 (LPC),318.0457,353.0931,352.0298,450.2994,203.7415,155.4824,160.9799,198.2201,240.4616,214.7101,256.0551,224.7803,198.9218,177.3065,259.7536,207.6756,209.1645,191.0739,164.984,165.5016,189.2943,206.121,219.5122,274.1292,185.015,181.2111,229.7456,186.5379,0,0,124.9258,101.3609,141.6216,147.9486,142.41,164.1412,147.3934,166.6331,335.0177,312.9258,234.5754,244.0543
PC O-36:2 (PC),56423.8992,55873.6441,67230.0095,67431.7495,26480.5543,26016.7771,22715.8883,23639.8474,31523.1058,29935.8382,32997.1924,32313.9411,27200.9903,26490.3569,31651.4931,31616.6808,26634.887,23623.3612,27732.2499,26444.8449,39083.2226,35903.1658,36012.2553,37917.0166,24066.6799,25632.137,36204.4455,32831.7123,0,0,17112.0045,18019.5358,23983.0288,25233.9341,22900.5256,22341.0295,20811.0177,21517.1742,47141.9329,50470.2519,40757.9636,41124.0656
PC 36:8 (PC 104),0,0,8.5928,0,0,7.5944,1.3788,2.1914,0,0,0,0,1.3795,0,0,0,0,0,0,0,14.9457,20.2234,0,0,5.3595,14.4889,2.1383,14.6644,0,0,8.0716,0,4.9556,19.3657,0,0,0,12.8163,0,0,0,0
PC O-36:1 (PC 104),53.2106,82.592,43.8413,91.3351,24.4002,17.0782,0,13.7599,52.8811,26.205,23.9401,54.9014,39.5397,20.6912,28.5657,19.9235,28.3681,0,38.8254,28.7602,36.1857,14.5951,3.024,33.8267,44.1261,11.9575,47.0721,14.2634,0,0,0,0,0,0,48.4473,0.136,18.074,30.5966,34.276,46.2184,53.8313,35.6468
PC O-36:1 (LPC),253.9581,207.1579,249.2477,172.6705,102.4899,114.2675,93.4459,69.6051,175.9237,175.8797,135.2204,146.6086,189.9551,149.1406,122.8923,180.1685,175.9554,124.6259,186.8757,127.6955,240.3333,229.7448,210.0125,186.0982,100.9317,149.7779,181.6583,140.215,0,0,55.7486,79.3426,63.8193,57.01,117.6222,184.3193,114.173,126.1146,164.3181,203.6296,136.278,167.5222
PC O-36:1 (PC),40510.025,36217.501,45851.1962,45552.1671,14924.8066,14711.0825,12756.378,13020.298,23250.6525,23434.663,24628.0736,24224.0943,20094.1522,20241.8262,20933.5674,23131.6691,20898.4973,18987.2958,21109.7388,23353.7608,30348.8352,30776.4423,28206.3007,27563.6052,17448.4361,16936.6672,23536.2845,22641.3973,0,0,9379.9357,9501.9868,10934.1545,12154.7504,19794.8922,20166.377,18850.6834,19104.0466,22617.0921,24801.14,20933.8716,20105.6451
PC O-36:0 (LPC),2.7513,21.0607,0,0,0,8.3285,12.8019,2.1356,4.3619,11.5573,0,14.8779,0,4.9801,3.5183,0,23.5581,14.6024,0,4.2564,0,15.2299,0,1.1248,13.8172,0,0,18.579,0,0,0,0,23.6626,0,4.261,0.2447,0,0,17.9003,0,0.9565,11.766
PC 36:6 (PC),1159.9959,1118.561,1284.9486,1489.1709,850.8521,1045.378,0,0,799.9548,1001.8629,1135.2251,960.8823,0,0,0,0,0,0,0,0,1032.899,866.5564,0,845.0461,0,0,0,1094.9489,0,0,0,0,916.8184,995.9228,0,0,0,0,907.4575,667.8136,0,0
PC 36:5 (LPC),83.6224,67.8278,58.9968,60.6849,90.8365,93.5275,50.3604,87.7419,58.0294,69.9226,66.7163,58.2148,31.8049,36.6353,0,25.1842,37.2737,29.2519,24.8065,31.6469,61.7524,56.1173,38.7392,43.6557,22.5914,28.8462,60.7934,72.2888,0,0,71.9231,43.9182,83.2028,56.2675,39.6741,39.8002,44.7848,14.8705,41.9871,48.7909,63.8193,44.5045
PC 36:5 (PC),8531.675,8187.3513,9646.6211,9425.3248,9378.5352,8832.6756,7619.9861,7387.9626,8141.5835,7830.8742,8684.2223,8714.3763,3824.6647,3698.8521,4114.1581,3760.3033,3980.6129,3375.6925,3729.5071,4122.8946,4418.2613,4550.5507,4030.3551,4044.0799,4031.4266,4243.303,6107.8372,6184.9593,0,0,6664.9496,6865.4059,8781.3004,8726.0369,4482.0652,4532.988,4369.0073,4379.3104,4382.1616,4299.6382,3647.7477,3741.3009
PC O-38:11 (PC 104),22.9928,0,12.3349,0,0,0,0,0,0,0,0,11.3071,0,0,0,0,0,0,0,0,0,0,0,0,0,0,0,0,0,0,0,0,0,0,0,0,0,0,0,0,0,0
PC O-38:11 (PC),1562.146,1154.8241,1402.8412,1855.4735,2605.2187,2682.7635,2360.907,2197.2419,1856.829,1604.5141,1965.4241,1979.707,913.001,1067.2021,946.9679,1146.1523,1154.5308,1119.3483,783.1058,1028.9179,998.6878,1114.8407,964.6711,1060.6785,908.0474,979.0801,1498.6597,1247.7884,0,0,1812.9827,1943.0014,2028.8154,2074.1724,1551.0141,1531.646,1451.5593,1410.5177,421.8686,811.9625,759.2798,754.9199
PC 36:4 (PC 104),62.5387,93,41.105,69,99,118,102.9976,89,58.4263,83.9989,81,88.7408,37,33.9982,49.9996,37.9991,45,33,32,49,43,34.9964,33.9977,32,54,36.9987,66,60.9983,0,0,76.9985,69,104,107.98,64,56.9962,56.9989,59,21.9988,23,25,23
PC 36:4 (LPC),314.8961,325.2563,337.4038,356.2361,527.2911,524.4251,413.3386,414.3315,282.9614,309.4717,349.9905,309.4176,159.2118,123.9409,119.9922,149.7498,169.3645,131.9905,117.9597,178.9524,153.1098,185.1792,133.9004,174.5248,122.4933,137.5104,234.2942,223.8674,0,0,312.1512,308.6862,443.6243,399.2391,211.5685,261.8245,239.359,182.9668,109.8184,145.6055,103.7109,66.9357
PC 36:4 (PC),41619.7691,39996.486,47963.8467,51833.9129,71494.1563,73706.2061,64830.3112,64667.5505,44376.9952,43999.1817,52972.4517,51696.2206,19353.3816,19246.2999,19607.6912,21453.7153,20387.5818,19337.9468,17829.1749,19970.4781,23052.1144,22785.886,20488.1771,21647.7373,18982.0763,20103.8282,30403.8429,32829.8592,0,0,46485.6367,46221.8781,55387.8563,63969.3095,32418.4145,33582.9271,31825.1478,32543.6017,14454.2553,14572.2955,12750.9585,13033.6123
PC O-38:10 (LPC),16.5254,0,11.7382,0,0,0,27.1375,0,0,0.3874,9.3268,12.4594,21.6372,14.2976,39.9431,12.713,12.0121,0,65.7041,0,30.5463,16.3399,5.0346,0,9.5238,24.0726,17.3646,7.1625,0,0,0,0,0,0,35.5192,0,11.1576,64.6646,12.6201,0,22.4092,43.8362
PC O-38:10 (PC),1514.2163,662.5873,1651.7721,0,0,0,0,0,0,0,0,0,1786.4972,1075.5522,1738.0398,1844.0999,1679.7703,879.4585,2396.3764,1844.9828,2506.8654,2401.6029,2295.0252,3352.2494,1947.7208,2170.2516,1497.8777,1058.1137,0,0,0,0,0,0,0,0,0,0,4073.7562,4979.2017,4822.8272,3949.6523
PC 36:3 (PC 104),122.013,132.8041,137.7314,133.6052,73.5656,100.4903,72.7405,84.6297,127.0664,90.662,117.7305,81.9468,106.7289,91.1919,58.6797,82.4329,107.6442,68.5189,65.8736,90.2561,85.379,116.8965,103.5945,68.8736,72.854,67.7297,95.3771,127.4095,0,0,53.1069,81.7579,66.5336,80.7121,53.7899,79.2355,79.235,68.8219,105.6009,132.5342,112.2763,89.5342
PC 36:3 (LPC),541.5532,577.5534,589.8832,596.7707,346.306,425.1647,380.3791,317.8296,395.9258,434.6637,482.0035,535.8783,318.4227,370.0386,364.615,398.1696,447.3219,367.8573,320.6533,408.6865,541.2039,444.8443,413.5779,473.6596,397.0993,258.4301,523.7206,435.9409,0,0,248.3734,312.9741,312.9688,364.3051,358.7018,374.2614,334.8538,290.4511,633.7536,613.6093,437.7261,460.1462
PC 36:3 (PC),88540.4673,86439.9587,96518.2177,92203.6501,62956.9189,64600.8165,50232.1292,48768.5817,71098.9816,70266.3061,74751.2969,78274.508,53943.0853,51081.947,56912.7829,60542.9319,61321.7053,55743.2921,54185.4967,58714.3469,71366.946,73410.3311,68979.8353,75658.9763,54986.5806,57131.3378,81419.9966,74064.1505,0,0,43433.727,46431.5447,53732.4836,59332.8392,52930.1704,58212.2503,51376.1758,50270.5225,87067.7688,89930.2942,79204.0143,78613.1135
PC 36:2 (PC 104),758.8828,626.6055,788.8708,799.543,353.9111,370.8034,360.9531,350.7601,401.2168,473.5055,518.496,572.0179,423.4575,408.0305,461.6517,491.2443,429.9173,402.617,495.9021,483.7694,601.7264,576.0148,558.3074,588.7371,363.7891,388.3694,509.7573,449.1977,0,0,175.9763,237.5544,245.7187,267.4482,277.5399,319.9468,310.0599,270.3071,863.6379,873.565,780.6526,688.6281
PC 36:2 (LPC),3408.5245,3121.349,3821.4015,3445.797,1710.4571,1691.645,1455.9006,1477.0612,2324.0212,2279.7771,2493.0104,2558.906,2010.9698,1991.7728,2162.9562,2299.7157,2063.1148,1908.1796,2070.9492,2054.1818,2840.0719,2690.9303,2479.3913,2754.2207,1996.812,1902.4444,2197.8351,2050.0074,0,0,1011.9093,1216.6127,1305.2851,1289.9277,1656.0371,1711.9793,1392.6172,1486.8919,4032.6833,4089.0608,3536.3369,3423.3777
PC 36:2 (PC),117163.3539,99495.9348,101310.9545,119764.0973,111646.9445,110958.1674,114739.349,112015.4594,109279.854,107067.3931,105681.9442,104108.2964,113683.6936,104309.9779,114861.1094,114436.1361,114029.5471,123679.5976,122327.7545,118485.6058,108727.8237,114076.5169,104738.6056,114095.5447,113753.4806,110408.7582,110448.113,105343.668,0,0,105752.0632,110053.1716,131547.0504,111775.999,121526.2831,117891.2232,122427.22,117651.6241,107054.313,116150.5132,107027.1364,106472.4865
PC 36:1 (PC 104),100.226,161.3129,140.7775,152.846,30.9481,29.1852,54.3446,15.4378,40.5333,48.7509,71.7394,55.2476,48.6109,93.0042,106.9645,66.9057,48.1837,51.2192,54.0593,44.3882,74.8109,45.6521,80.8993,56.4149,96.1092,102.4941,55.2377,92.2203,0,0,46.5239,14.2812,29.5161,81.1137,110.0117,119.7583,86.0093,93.6291,61.1949,26.5667,31.9096,34.4235
PC 36:1 (LPC),676.5494,744.7956,819.6253,824.7528,215.8516,235.4532,190.6434,198.4437,239.5543,265.0865,341.4512,276.1963,400.1799,357.6326,472.842,432.2238,421.3692,383.4956,350.1899,372.1781,418.7029,373.7745,387.1243,431.786,436.3667,334.502,544.0297,561.0914,0,0,136.9137,93.8502,152.2103,160.981,431.0647,457.9651,426.1726,406.3209,179.9801,266.1607,122.8266,203.5618
PC 36:1 (PC),74758.7865,62958.3775,63569.0582,73288.3067,38240.4622,38657.5216,35348.5557,35685.7288,58105.3565,40732.584,60609.7911,61029.6113,59585.2178,57698.2903,65395.0617,59429.5868,54745.5005,58749.8042,67990.3944,64899.08,74258.7902,60904.9489,57164.2368,71502.216,59792.1911,60227.86,76903.9189,63838.392,0,0,26325.457,27822.4103,33092.7035,33465.9145,62371.0257,52374.5599,56696.6927,57803.4473,58979.5767,64192.6456,62855.2869,58364.8137
PC O-38:6 (PC 104),32.3833,18.6821,22.7352,2.1459,0,29.905,0,0,16.638,0,0,0,0,0,0,0,0,0,0,0,0,0,0,0,0,0,0,0,0,0,27.6047,23.9636,27.854,31.7077,0,30.9976,0,30.2844,0,0,0,0
PC O-38:6 (LPC),121.7886,135.7775,125.1051,141.0286,99.0079,95.4824,87.1309,61.3771,62.579,24.0343,63.4708,65.0519,24.8397,36.3747,42.5397,28.1626,13.8954,0,40.4084,39.918,44.9527,42.489,40.3896,28.4244,32.3005,34.9329,84.6456,52.1672,0,0,73.0115,53.1529,89.7528,65.2391,70.2856,63.645,43.2437,60.5279,33.9411,66.1845,47.672,32.9087
PC O-38:6 (PC),17357.2508,16531.6661,18685.725,19239.8766,10570.2065,11067.1438,9952.3966,10198.695,6667.0552,6150.7547,7083.0154,7159.3032,4189.1301,4267.7619,4466.1235,4352.7179,3588.8403,3075.4979,3164.7869,3761.1137,6515.4027,6008.2864,5698.6296,6070.9697,5733.8906,5914.3375,8095.6664,7758.4505,0,0,8801.1924,8757.8447,10931.0567,12299.5443,11056.9646,11119.4854,9864.4509,10075.9443,6651.9665,7185.6647,6787.0106,6386.4836
PC O-38:5 (PC 104),60.1459,76.8452,84.6224,94.8545,66.4065,46.6865,46.9349,41.8769,26.1794,38.426,36.685,29.5664,26.4561,20.979,0,21.8474,0,0,0,27.9469,22.4628,21.5163,48.8246,22.7606,24.8839,21.8773,29.9165,32.8896,0,0,33.5431,8.4763,60.9917,60.3651,34.8668,34.0097,55.8363,56.4976,24.9267,35.3016,49.8612,22.6988
PC O-38:5 (LPC),266.863,271.1591,422.4471,327.0532,208.9517,209.9254,156.4335,167.2029,124.0475,100.0527,127.8962,140.5796,37.6384,49.5259,40.5202,66.945,49.8127,72.6259,11.8478,34.3137,78.944,68.9087,85.8618,74.3709,65.5662,45.1331,90.8588,60.0161,0,0,223.234,231.7117,249.9333,340.4309,187.9031,197.8003,164.8578,161.8028,112.7625,69.1115,116.05,81.1647
PC O-38:5 (PC),45611.9988,46572.1399,57628.599,62671.1473,27139.4619,26206.131,24157.7638,22624.1096,15555.2195,15735.2111,16896.2,17780.3512,7145.2905,7160.8283,7635.978,7837.9505,6499.2067,6150.2827,6088.6715,6608.4102,11909.3567,11411.1745,10892.8164,11673.6803,9238.6,9022.5062,12082.4294,13236.2468,0,0,29250.1578,30820.3204,37742.762,44141.4178,22787.3413,23724.1315,21776.5327,23355.6294,13098.5874,13110.596,11710.7075,12210.3929
PC O-38:4 (PC 104),86.5622,64.6711,55.1444,76.433,0,25.5559,17.9779,30.0561,0,0,17.1608,11.0601,0,13.5445,25,11.0104,26.9803,0,0,0,0,0,0,7.4233,0,0,0,0,0,0,47.2756,33.6886,41.3367,56.5426,47.5548,16.698,54.0761,43.3025,13.0401,0,0,14.4619
PC O-38:4 (LPC),249.8206,213.8329,264.7007,283.8575,57.5596,110.3419,67.1264,69.1687,56.7681,63.1301,72.9936,72.4526,15.5114,51.8376,50.0459,48.1984,34.3843,20.4806,27.7743,48.3511,35.9089,38.0073,34.5648,47.8856,34.9874,36.5032,92.2218,70.1775,0,0,163.9147,88.3683,107.464,100.2954,140.9592,126.0625,113.5515,163.2633,56.2361,101.2455,70.483,74.2162
PC O-38:4 (PC),32835.0911,32260.4205,39705.1656,41939.1471,9530.1468,9695.4199,9159.5803,8912.2731,7225.2433,7201.5606,9123.1734,8300.0895,4534.0472,4362.9468,5085.612,4923.7928,3653.6502,3876.91,3962.1368,4159.6248,6849.7351,6704.5774,6305.2211,6664.7357,5679.4511,5985.1636,7949.6765,7956.5507,0,0,15961.2854,15256.1722,20059.3277,21250.1667,18269.7467,18901.2219,17065.5708,18843.1257,9045.5976,9561.426,7967.9619,7544.1478
PC O-38:3 (PC 104),7.9455,14.438,17.5277,9.8114,0,0,0,0,22.6893,0,0,0,0,0,0,0,0,0,0,0,0,0,0,0,0,0,0,0,0,0,0,0,0,0,0,12.1018,0,0,0,0,19.5445,0
PC O-38:3 (LPC),19.0962,60.2374,88.9197,31.8189,26.3338,15.354,11.213,17.4018,23.6967,36.3376,29.4435,35.4528,0,23.8137,11.2368,4.8599,25.7004,16.6268,30.2313,17.0473,15.826,41.335,20.6283,29.2565,34.4931,0,39.8936,32.7889,0,0,0,7.2113,22.614,11.4182,2.424,18.3187,38.0413,8.6312,31.9064,33.2009,22.0382,21.0216
PC O-38:3 (PC),6675.62,6869.2319,7360.0849,6883.7061,2794.0352,2907.8382,2327.0319,2696.6358,3514.0224,3511.346,3872.7387,4195.9006,3114.7671,3230.4089,3604.7888,3845.1051,2936.6879,3117.9113,3047.9438,3204.4573,4381.3133,4382.3442,3996.0442,4315.3792,3347.1985,3631.1412,4328.8925,4515.0959,0,0,2541.732,2477.4254,3118.3753,3549.0977,3521.5867,3336.4598,2788.2961,3497.8675,5042.7905,5256.4257,4415.0753,4046.9628
PC 38:9 (PC 104),3.567,0,0,0,0,31.1276,0,0,0,0,0,0,0,0,0,0,0,0,0,0,28.8025,0,0,0,0,0,0,0,0,0,0,0,0,0,0,0,0,0,0,0,0,0
PC 38:9 (LPC),57.5393,0,7.7866,43.9483,23.1566,25.1835,26.0628,18.9764,18.4661,34.482,40.0806,13.3111,35.3532,19.5019,0,29.7164,3.9175,0,0,0,36.3186,28.8271,31.5123,10.5415,20.6686,28.5769,14.6906,28.0485,0,0,24.4338,29.8921,12.387,15.0639,23.9734,21.6305,0,26.9223,26.2965,36.5122,34.8634,36.8696
PC 38:9 (PC),2303.1223,2355.0654,2651.5344,2640.0648,2472.1454,2456.2475,2341.3605,1916.8798,2837.3798,2774.1589,3507.3417,3416.8108,1401.3817,1170.4479,1553.132,1202.6678,1019.9429,881.303,1345.5428,925.4248,3401.183,3336.0218,3205.7377,3142.1694,2732.1165,2344.267,2824.6097,2934.768,0,0,1705.6719,1627.5104,2070.7367,1970.2153,2096.15,2432.6385,2383.9782,1970.1164,2838.9259,2763.7219,2583.4802,2466.0049
PC O-38:2 (PC 104),35.2486,34.1206,32.3045,23.8274,0,0,0,0,0,21.9504,21.1075,26.4172,0,0,20.7688,0,0,0,0,0,6.5296,0,24.937,39.605,31.9679,34.9718,28.9614,12.9575,0,0,0,0,0,0,0,0,0,24.7652,0,26.9509,16.4218,22.2585
PC O-38:2 (LPC),89.8952,147.8712,111.6385,130.545,71.9621,49.1074,26.5892,33.5036,47.3653,73.9154,47.1305,57.7292,26.0083,46.3758,57.5804,71.9238,78.6565,57.6687,34.8295,49.0812,86.2297,78.4945,63.7621,87.533,65.6006,47.2102,74.7984,59.0202,0,0,18.3307,51.7738,67.3754,46.2316,50.3028,33.6098,68.2449,82.9565,79.4236,94.3881,76.9614,81.7706
PC O-38:2 (PC),16063.6216,15717.3579,18591.2961,16891.5515,5710.2161,5624.4676,4495.4681,4845.8798,8513.1555,7970.3173,8005.7752,8102.4281,7715.4261,7256.0655,7912.454,8280.6126,8050.0618,7439.1312,8122.0878,8846.4,10716.6869,10334.7236,10039.702,10619.1179,6762.5016,6939.1196,9297.3089,8890.0827,0,0,5336.5861,5780.1601,7006.4462,7164.7729,7213.2374,7180.9142,6554.9945,6917.4851,13321.1004,14718.512,12584.0383,11462.5479
PC 38:8 (LPC),11.411,0,0,0,0,0,0,0,36.1051,4.5497,26.6223,0,16.763,2.626,0,17.3484,0,4.7017,11.4423,3.232,0,0,14.2313,15.2714,4.8176,0,36.9497,0,0,0,18.2457,2.6157,0,8.9704,22.1437,35.3973,12.167,0,22.0597,7.4286,2.2871,0
PC O-38:1 (PC 104),3.1666,0,17.4806,7.1622,0,0,0,0,0,0,13.4633,0,0,0,0,0,0,0,0,0,0,0,0,0,0,0,0,0,0,0,0,0,0,24.927,0,0,0,0,0,0,0,0
PC O-38:1 (LPC),50.3774,32.9516,32.8211,44.6916,24.8205,30.5407,0.2681,14.0308,1.4283,31.9454,11.3946,31.1571,15.3329,14.6566,22.5311,5.8025,10.3562,8.2617,0,26.9832,34.3272,12.0858,23.2124,35.5742,48.1703,0,0,32.2217,0,0,0,13.1635,0,27.9726,0,4.6165,11.9316,25.5198,23.2272,44.8446,41.8491,23.2058
PC O-38:1 (PC),7335.6267,6730.3299,8244.1219,7809.7273,1468.0324,1640.0101,1350.1247,1636.3312,3416.3549,2735.0304,3336.0292,3370.954,2605.0525,2417.0774,2725.5019,3017.1331,2778.6361,2537.0745,2582.1542,2386.2707,3716.2954,3719.9862,3304.1987,3664.613,2397.9086,2497.0732,3058.8947,2763.4669,0,0,1483.3617,1842.01,2181.5926,2188.9589,2104.1215,2436.3453,2281.4065,2227.8239,4558.9412,4380.0615,3842.2872,3816.3011
PC O-38:0 (LPC),18.252,14.8001,15.5385,29.6393,0,0,0,0,17.2444,0,0,0,0,0,0,0,0,0,0,0,0,0,0,0,0,0,0,0,0,0,0,0,0,0,0,0,0,0,6.8569,0,0,9.4186
PC O-38:0 (PC),1942.8399,2054.6448,2584.287,2349.1721,0,0,0,0,1838.0387,1956.7776,0,0,0,0,0,0,0,0,0,0,1891.9762,0,0,0,0,0,2323.5363,2373.6912,0,0,0,0,0,0,0,0,0,0,1955.8812,1985.2668,0,1786.0079
PC 38:6 (PC 104),31.798,28.9348,27.0448,0,23,31.97,25,44,29.8492,0,29.3097,0,0,0,0,0,37,0,0,0,0,22,36.9678,0,0,31.9549,31.9626,26.9833,0,0,21.7673,0,35,40.7724,23,27.8168,23,0,0,0,0,0
PC 38:6 (LPC),81.9469,84.9137,98.3246,44.0992,114.7461,146.3405,103.9517,116.2264,103.7294,109.3703,92.8169,122.4651,65.2046,62.0218,47.8742,73.494,62.9657,56.5046,70.563,36.2216,84.2812,101.215,43.7126,80.0987,51.619,83.9392,113.603,107.0907,0,0,80.7653,95.2945,102.1187,101.5562,103.7533,79.0051,94.4225,96.6996,49.3165,42.7166,75.9207,39.5645
PC 38:6 (PC),11832.5861,11993.1256,13876.4288,13574.8036,15423.8165,15809.1522,12542.9472,12726.8875,11396.8808,11233.8607,13821.8295,12975.0199,7873.4945,7767.8168,8189.2481,8188.7012,7899.9297,7114.9862,8285.955,7708.2453,9581.6179,9384.9327,7953.3185,9144.6854,8477.6837,8613.3381,12633.7263,12339.3771,0,0,10910.7073,10667.9477,13602.753,14131.4676,10625.1366,10736.0096,10632.5031,10194.0583,7436.5562,7421.8173,6671.8797,6365.8396
PC O-40:12 (LPC),20.249,0.232,27.3847,31.7575,18.6147,1.6457,5.6134,12.8011,0,0,0,0,0.9023,17.8221,13.6949,0,0,0,0,10.5315,0,0,26.2887,0,0,0,0,3.3107,0,0,24.2208,0,0,2.8776,0,7.1255,0,0,14.337,19.74,0,7.4408
PC O-40:12 (PC),306.2983,0,368.765,0,635.4094,0,511.6332,12.664,270.9949,312.9371,0,105.4742,0,0,0,0,0,0,0,0,0,0,0,0,0,0,0,0,0,0,85.6081,374.8199,114.8878,0,0,0,0,159.7553,0,0,0,0
PC 38:5 (PC 104),60.2765,82.5668,65.5259,110.9908,74.533,94.1681,84.7101,79.3298,83.108,94,72.7,130,35,0,46,30,2.891,35,40,39,52,31.6649,40.8381,37,29,4.1784,28.1733,41.4179,0,0,51.2094,81.7101,73.1942,54.4007,49.0133,36.8714,39.0133,63.8531,40,42,57,32
PC 38:5 (LPC),359.4318,434.5913,428.6641,544.4799,469.5781,552.7103,340.0127,381.2652,288.7735,357.3862,489.6733,349.2373,162.5128,135.5079,126.478,103.8208,114.8527,152.3264,129.5907,154.5369,195.5626,152.339,190.4132,138.4221,149.287,147.6743,158.546,227.0794,0,0,261.1937,331.3143,387.669,386.1933,224.5812,219.4962,230.3809,188.0099,160.4507,179.7127,158.2789,150.5912
PC 38:5 (PC),56317.9496,54694.703,66270.2849,64886.0412,60666.1263,60896.6017,52918.7592,52004.9061,49003.7315,50341.7681,57891.5111,54642.9637,17062.8577,16182.2753,17529.6675,17242.2376,19511.3222,16009.4367,17853.9352,18207.819,22872.8245,22845.4041,20421.418,21050.5289,19502.7478,19590.3267,29578.4278,30817.545,0,0,49370.2353,49372.0732,57877.5177,60140.0714,31223.4162,32582.0654,29199.4356,32184.976,22787.6205,22472.3621,18524.7774,18603.0756
PC O-40:11 (PC 104),15.7032,9.0123,0,0,0.0486,0,0,0,0,0,11.4988,0,9.1942,22,0,10.4522,0,0,6.9362,0,0,0,0,0,16.1038,0,12.5856,12.0549,0,0,4.4647,0,0,19.5469,0,3.8334,0,0,0,1.633,0,2.149
PC 38:4 (PC 104),129.817,79.4656,104.9299,111.4951,49.3153,71.5576,59.0058,61.2121,70.1897,48.2464,54.0388,75.2982,14.2817,38.6649,12.0267,28.5659,26.2046,17.1942,23.6491,9.5878,16.1171,35.8723,24.6379,38.831,27.1042,42.6264,45.9277,59.6066,0,0,75.869,40.6682,78.0317,54.1461,35.9904,49.9245,55.1982,51.8996,0,12.663,12.4154,23.5347
PC 38:4 (LPC),431.1617,392.5667,434.4039,474.7256,289.2542,244.6296,222.6965,228.7258,350.1412,288.329,325.1319,319.2753,174.8638,115.6698,132.1537,106.5327,191.5013,103.0918,134.6469,80.3007,179.938,149.7011,138.1029,150.2212,157.7595,140.8253,284.3337,264.0711,0,0,244.7731,252.8268,275.6683,319.3126,278.7874,186.6893,253.6654,149.7322,129.7935,118.627,152.7027,69.3409
PC 38:4 (PC),62662.1261,60440.6085,73197.5002,68102.8073,45821.3748,45385.87,36608.1284,36346.2102,41856.0504,40548.8867,48340.8709,51618.3515,19050.692,17753.0088,19320.8786,18169.0693,20288.4641,18132.7333,18215.5596,18927.1383,23034.8414,22397.8856,19226.9883,21385.0544,22219.9421,22373.4457,32448.4457,32377.7929,0,0,39207.0829,40053.9522,47883.2595,53462.9062,33665.4276,34092.1703,32537.4559,34579.6216,18144.2689,19148.5208,17273.9525,17480.2927
PC O-40:10 (LPC),14.6928,0.6038,0,20.5616,45.7557,54.025,13.815,76.0116,0,12.7604,57.4244,62.4907,0,13.6702,43.9537,57.3489,0,32.9475,13.1479,35.1145,36.5538,21.5764,88.9388,72.7968,34.7127,35.4004,10.9536,25.103,0,0,10.3382,22.3294,32.334,9.9076,0,43.1301,28.5375,45.7975,48.6615,68.7454,48.4423,79.0311
PC O-40:10 (PC),0,0,0,0,2401.8197,3032.4404,2466.9695,2341.5527,3603.7614,4315.2595,4327.7342,1016.3736,2217.5999,2592.2539,2656.3996,4087.1588,311.0586,116.5515,714.9139,1241.6731,8148.3086,8586.6606,9092.9955,7746.7902,4784.8676,4252.668,4611.7197,4207.1815,0,0,12.057,945.8746,1033.499,776.198,303.5716,1845.8144,716.0328,911.4454,6455.1568,7119.5909,5301.6914,4626.3208
PC 38:3 (PC 104),13.9194,27.4118,36.2063,51.6864,27.0447,16.6239,14.6223,7.9853,32.7159,18.2799,0,5.2879,0,9.9489,17.1441,10.3603,14.7244,0,14.5805,22.9565,10.983,15.5589,24.7848,29.1429,22.6044,24.6746,25.2916,29.4645,0,0,16.5168,12.2222,49.0992,43.7714,14.5636,16.6268,6.6807,0,30.9272,25.3854,22.6713,19.3601
PC 38:3 (LPC),177.5913,120.9809,185.7464,171.3046,86.0804,71.3254,53.3568,33.9383,144.075,113.3474,56.0633,98.6909,97.5533,96.2221,73.4151,58.6758,82.1959,113.3587,90.7084,104.6476,160.8267,131.0121,76.9382,99.5159,70.9705,102.0341,138.5981,144.5248,0,0,61.6222,121.7661,93.6853,126.5384,109.5851,109.0171,84.4522,88.3642,148.7028,132.9838,55.1457,129.1947
PC 38:3 (PC),23961.3145,21962.069,28703.3601,26601.7498,12828.7941,10665.3962,8840.4504,9516.013,15152.8338,14749.238,15710.4667,16807.2523,12847.1508,12176.1991,14941.3293,14048.7108,14146.5355,13036.6912,13844.0457,14169.3386,17418.9309,16028.1748,14453.8231,17443.9221,12229.8168,13189.6057,17247.8615,16193.2356,0,0,11245.7606,11091.4224,13614.4197,14000.889,13751.1178,12741.9709,12517.6292,12237.894,18157.2001,18551.853,16883.872,15429.2533
PC 38:2 (PC 104),59.5161,42.9203,43.8641,63.6248,46.1093,16.027,0,5.8975,13.6238,35.7449,40.9571,13.5821,50.7767,7.2894,26.8916,26.283,15.1128,8.7051,11.2263,48.8474,31.0846,48.2659,7.6758,35.6468,15.2036,11.9308,6.6738,18.1266,0,0,10.3105,15.5821,24.8612,41.7747,0,15.7955,10.1473,33.9585,12.1377,38.858,61.0519,39.5448
PC 38:2 (LPC),290.4728,178.8662,296.7247,200.0393,82.7054,101.9256,38.8812,88.4569,192.9118,99.8257,120.4296,139.391,168.1727,154.4004,162.1699,189.9868,101.5167,162.6468,193.8222,221.6315,266.6144,216.1659,154.2039,266.1944,125.0686,85.537,153.8888,134.2261,0,0,58.522,102.0861,129.218,78.0317,102.14,89.7143,112.1631,122.9101,311.6982,372.1232,331.0794,213.5868
PC 38:2 (PC),36596.254,35666.3379,41965.0748,38973.8436,13972.4167,11710.6798,7654.3622,11052.816,18437.8542,19383.554,22832.6951,20835.7873,19074.6999,20923.3542,25465.9336,23644.6659,22895.1375,20390.8456,22801.4564,27031.1264,29811.8145,29334.5025,29661.3137,29801.8429,14912.1216,15926.8354,21514.9814,19516.8992,0,0,6889.5689,9975.3834,10967.6896,13363.2529,10158.3165,11328.3053,8714.2982,10677.4561,50483.0941,49614.0986,45714.806,42629.8491
PC 38:1 (LPC),6.9254,37.3407,4.1254,23.3496,0.9025,6.1675,24.1333,0,30.3637,17.1308,0.5638,16.4003,0,7.4015,15.5691,2.1576,0,16.9703,23.5456,1.8439,45.1002,6.4747,36.4893,6.4761,25.6154,0,0,0,0,0,20.1733,21.7597,7.8273,0,0,0,0,0,6.9259,17.8289,44.7592,0
PC 38:1 (PC),1800.0974,2938.0552,2822.6303,2471.0943,1190.9104,389.3639,464.5642,890.0043,395.9136,0,1988.4299,102.1814,0,1208.971,846.3559,932.6091,966.3213,563.2057,1292.3515,1406.1629,164.3364,0,593.7178,1361.5077,0,0,476.111,0,0,0,924.195,1352.8113,1190.3948,1415.1695,0,0,0,0,117.9564,0,374.3087,1727.8185
PC 38:0 (LPC),28.819,18.8364,42.9851,41.4555,59.4948,22.1245,41.3697,0,16.5001,0,17.6721,28.0086,13.6553,11.9908,0,14.2816,0,0,0,16.8054,18.4956,11.5148,0,24.0782,1.8768,20.0316,15.6284,1.3753,0,0,14.2025,25.8798,44.3978,36.7419,17.483,19.7308,36.8919,4.2034,0,42.5759,19.6203,21.3438
PC 38:0 (PC),4751.6398,4582.7609,5464.2032,5774.1852,3581.633,3772.1946,3356.07,3090.1326,2248.1616,2328.066,2556.8883,2668.7984,1274.883,1735.596,1678.3203,1750.8501,1357.7161,1183.4499,1261.3991,1357.8376,1995.3376,2453.7084,1990.1348,2129.7909,1735.62,1745.1847,2065.103,2333.1295,0,0,3511.1226,3519.6142,4960.0857,4799.1341,2268.5908,2382.2414,2637.9254,2748.689,2209.7651,2460.8144,1967.0806,2023.9253
PC O-40:6 (LPC),78.7957,53.1059,75.6831,78.2206,0,26.956,0,49.3434,34.6536,20.9632,23.6014,7.2522,8.4857,0,0,0,18.2994,38.7073,0,14.7876,20.1603,12.2313,24.351,19.8396,0,0,23.5006,15.6586,0,0,40.2049,35.8339,77.9398,116.2054,25.5287,30.8173,24.9493,14.0734,19.5201,32.6405,7.6646,17.2818
PC O-40:6 (PC),9095.6188,8979.1923,11080.0669,10007.8873,4196.5955,4105.6559,3372.8249,3462.4189,3089.6685,3087.3908,3175.4872,3224.7538,1780.4689,1896.3197,2159.6838,2249.7314,1832.0778,1546.5677,1613.8099,1635.9754,2949.477,2765.546,2620.7562,2734.4485,2394.7857,2262.3369,3111.5455,3136.7361,0,0,5542.9706,5967.2591,7697.6191,8520.2882,4284.2014,4563.8659,3980.8619,4328.8234,3488.001,3578.1461,3308.8899,3302.3195
PC 40:12 (PC 104),24.9682,0,0,0,0,0,0,0,0,0,0,0,0,0,0,0,0,0,0,0,0,0,0,0,0,0,0,0,0,0,0,0,0,0,0,0,0,0,0,0,0,0
PC O-40:5 (PC 104),13.4455,34.9912,25.0502,20.8523,0,0,22.9865,0,0,0,0,0,0,0,0,0,0,0,0,0,0,0,0,0,0,0,0,0,0,0,17.4639,24.986,11.831,16.8133,0,0,0,0,0,0,0,21.8824
PC O-40:5 (LPC),107.3523,107.6523,145.2834,97.0412,44.7502,39.5718,42.9254,0,0,34.7934,49.3878,24.3619,23.7172,0,0,24.2896,0,0,0,14.663,23.1156,20.4936,34.3504,8.9932,24.2179,0,15.984,19.67,0,0,51.13,73.9909,34.8626,51.8411,26.4037,37.2282,15.3597,32.6803,22.7075,28.187,31.0668,22.6585
PC O-40:5 (PC),13618.9689,13088.8137,16727.8223,15595.3554,4392.4656,3979.4006,4218.6989,3582.1256,3936.9598,3750.9531,4117.1234,4026.8847,2100.6718,2056.7162,2243.0199,2158.6751,2177.7045,1789.4133,1938.5973,1974.2577,3386.6942,3098.2587,2927.9714,3343.9093,2612.5692,2519.7263,3506.007,3392.6166,0,0,7221.1707,7070.8029,9442.5841,9786.0982,5472.8869,6004.1524,5289.5144,5470.1876,4354.6543,4240.6879,3820.3439,3727.0692
PC 40:11 (PC 104),19.39,0,0,0,0,0,0,0,0,0,0,0,0,0,0,0,0,0,0,0,0,0,0,0,0,0,0,0,0,0,0,0,0,0,0,0,0,0,0,0,0,0
PC O-40:4 (LPC),28.365,50.5214,65.2932,73.8453,2.8873,0,15.7807,34.57,18.6964,13.5783,11.657,39.3493,0,0,0,0,0,20.0938,0,11.8611,0,0,3.8072,0,16.8528,0,17.585,0,0,0,28.8615,8.8787,6.8031,8.9526,28.3148,41.6238,46.5694,28.8177,20.2491,25.831,10.7333,33.6098
PC O-40:4 (PC),7368.3123,6876.9867,8499.0562,8133.4131,1916.4865,2008.982,1575.1241,1772.0029,2479.5609,2471.8926,2734.1806,2914.4239,1506.2622,1478.7333,1509.2619,1680.7469,1620.9376,1401.3537,1389.3244,1447.3292,2225.3274,2332.2215,2299.0832,2251.6236,1950.0469,1898.2677,2426.6799,2315.6872,0,0,2445.8593,2970.5822,3123.4268,3622.064,4423.1169,4395.8116,3729.6428,4012.0329,3114.3055,3233.3727,2752.28,2617.7258
PC 40:10 (LPC),25.4485,0,0,0,0,0,0,0,0,0,0,0,0,0,0,0,0,0,0,0,0,0,0,0,0,0,0,0,0,0,0,0,0,22.5786,13.7555,0,0,6.6533,0,0,0,0
PC O-40:3 (LPC),1.6924,27.2568,0,13.0799,0,0,0,0,0,0,0,0,0,0,0,0,0,0,0,0,0,0,0,0,0,0,0,0,0,0,0,0,0,0,0,0,0,0,0,0,0,0
PC O-40:3 (PC),1622.6832,2038.768,2069.1918,2118.9544,0,0,0,0,0,0,0,0,0,0,0,0,0,0,0,0,1081.0343,0,0,0,0,0,0,837.3463,0,0,0,0,0,0,0,0,0,0,1205.3938,1391.2389,0,0
PC O-40:2 (LPC),9.7279,9.6126,0,0,0,0,0,0,0,5.481,0,0,0,0,0,0,0,0,0,0,0,0,0,15.0118,0,0,0,0,0,0,0,0,0,0,0,0,0,0,3.0823,0,0,21.3156
PC O-40:2 (PC),1997.3915,1917.5688,2249.2903,2381.2618,447.0846,401.8552,384.1351,422.6274,686.3111,946.9444,834.2267,874.8062,910.1646,818.177,939.6048,996.4094,956.7355,765.3426,961.5391,806.3387,1109.4933,1161.5342,1057.8222,999.3583,1030.8113,854.4496,1715.2585,1075.7105,0,0,573.2903,540.6645,795.8029,804.1004,589.4515,608.0864,491.9531,591.6499,1507.8857,1280.2267,1002.2361,945.889
PC 40:8 (PC),873.7894,1031.8071,926.17,638.5771,463.1823,523.3613,456.7946,433.6157,869.1628,700.3136,802.0732,776.8826,335.2147,441.9028,382.1935,383.2647,352.3803,342.6052,282.0184,373.661,736.6812,533.229,589.4544,745.0702,570.16,768.8454,1030.271,900.4262,0,0,301.0353,364.474,427.2014,395.7283,1038.6445,1099.0311,1016.2936,1054.4634,1112.081,1321.896,1068.9453,1184.5283
PC O-40:1 (LPC),23.7969,0,17.8644,20.1834,0,0,0,0,0,0,29.985,41.9489,0,0,0,0,0,0,0,0,0,0,0,11.5893,24.9753,0,11.841,0,0,0,0,0,0,0,24.8413,0,0,0,0,20.3937,29.9843,15.2057
PC O-40:1 (PC),2220.8761,2248.9902,2533.1776,2560.201,864.6557,863.5802,762.5256,733.1661,1371.4489,1495.9423,1709.1721,1851.0036,973.6779,964.3166,1101.3183,1033.0513,930.7934,827.2872,742.856,828.0445,1250.6281,1257.356,1157.5189,1330.8364,1441.1668,1410.371,1727.6204,1925.3478,0,0,1096.3421,1116.4269,1366.0473,1596.2953,978.8421,1173.5004,754.8495,936.1779,1449.5258,1633.096,1515.2793,1144.3372
PC O-40:0 (LPC),69.836,84.097,110.9633,67.4683,102.997,95.9974,45,49,89,87.4756,81.462,67.7384,50,47,37.0133,44,25,39,37,49,44,88.867,49.9752,45.6575,47.7263,81,64.1657,85.7019,0,0,49,47,93.9977,93.9869,60.8113,22.0177,38,61.9989,53.6187,62.5603,50.4624,42.6038
PC O-40:0 (PC),8538.8756,8601.8749,10077.9898,10615.8461,7725.2277,7728.2038,6301.9902,5856.008,7387.8788,6840.8292,7980.801,7847.0008,5578.5057,5059.555,5746.2166,5756.2732,5646.2619,4921.7294,5082.0801,5669.9115,6568.4943,6981.8662,6027.5193,6695.4389,6255.7583,6406.7121,8325.4598,8898.6842,0,0,5602.0418,6355.1262,7956.7776,8324.3115,6219.5021,6362.8579,6543.9706,6077.2473,7880.2055,8707.4662,7037.8262,6857.0067
PC 40:6 (PC 104),35,0,12.4608,37,0,27,0,23,0,0,32,40,0,0,0,22,0,0,0,0,0,0,0,0,0,0,0,0,0,0,0,0,22,27.3596,23,32,27,0,22,25,0,0
PC 40:6 (LPC),155.3356,125.8556,148.4813,143.8379,71.26,62.8054,72.3649,84.922,83.3503,64.6747,101.4654,81.9415,45.1258,34.6232,46.6398,39.2856,42.7101,27.8389,70.831,43.1816,33.3298,49.3774,54.9663,73.3,32.6619,29.1166,68.2094,78.8541,0,0,103.922,107.6232,105.2469,107.2493,86.2905,101.8463,71.9835,82.3117,50.7323,69.1313,39.3096,63.6775
PC 40:6 (PC),17252.3225,16949.9259,20255.1892,20147.6046,11755.9153,11556.9052,8956.1915,9246.394,10519.98,9930.2835,12731.487,12058.8255,6150.9047,5710.9077,6079.534,5822.8333,5661.3581,5484.0037,5883.6776,6102.7698,7438.1942,7522.5616,6584.2839,6810.301,6929.6916,6877.1612,10007.3035,10461.7902,0,0,9874.9963,11060.8756,13001.381,13539.7429,9710.4943,9692.4383,9144.8894,10063.6604,8287.3902,8357.5443,7332.139,7196.5637
PC 40:5 (PC 104),27.4016,27.2833,38.2608,30.5247,6.7955,0,0,0,33,30,0.4243,5.0304,0,9.1667,0,0,0,0,0,23,25,0,0,23,0,0,0,33,0,0,30,39,10.1667,32.1739,16.4925,0,4.7955,33.6458,12.1667,0,27,0
PC 40:5 (LPC),158.0183,189.9942,248.1535,207.5799,96.3038,97.7344,81.9209,78.3754,80.7653,94.4247,102.6267,98.9736,60.186,42.0114,56.3246,65.8312,46.2787,50.8389,31.0157,50.008,43.8304,50.1143,32.095,45.3735,53.5027,45.8393,113.8525,82.7846,0,0,87.1805,91.7991,108.8842,132.4422,89.2206,104.3164,94.0679,109.2472,97.1218,83.1236,29.6316,63.5196
PC 40:5 (PC),24822.5418,24641.8221,29565.9238,29139.3741,10923.7832,11253.6161,9268.7788,9357.6722,11067.948,10878.9878,12559.6405,12366.779,5785.6773,5677.113,6504.4466,6263.3061,6215.9058,6119.6606,5890.4836,6361.4324,8006.3922,7499.9266,6589.7854,7549.7851,7410.7915,7136.9997,11150.6528,11836.9659,0,0,12548.1541,11226.616,16246.4167,16124.6496,12614.1332,13374.393,12670.301,13240.1759,9268.821,9590.8572,9328.2283,8605.921
PC O-42:11 (PC 104),6.2763,0.4115,0,0,0,0,0,0,0,0,0,9.1815,0,0,0,0,0,0,0,0,0,0,0,0,0,0,0,0,0,0,0,0,9.9604,0,0,0,18.4035,0,0,0,0,0
PC O-42:11 (LPC),4.9094,0,0,2.2133,12.4241,0,0,0,1.9437,0,0,0,0,0,0,0,0,7.2224,1.0794,0.1159,13.7528,8.6193,18.7201,16.5823,0,0,0,0,0,0,0,0,0,0,19.2419,0,0,0,0,17.1749,27.4107,0
PC 40:4 (PC 104),10.3242,22.3081,12.2989,0.6571,17.0551,0,0,0,0,0,0,0,0,0,0,0,0,0,0,0,0,0,0,0,0,0,0,0,0,0,0,0,0,0,0,25.184,0,4.2772,0,0,0,0
PC 40:4 (LPC),27.4483,45.8491,58.8038,70.3706,16.9577,40.985,12.7935,16.882,30.1067,3.2566,25.048,21.3621,21.2708,30.8704,4.834,15.0838,24.3483,17.3064,26.78,25.4711,19.3912,20.8298,12.8521,17.4838,19.635,31.7227,23.2015,30.97,0,0,30.7603,17.7175,34.9594,31.7395,47.4603,35.9865,49.5331,49.0994,26.6667,26.7991,15.5416,25.3729
PC 40:4 (PC),8248.1373,8144.4222,10767.4988,9849.6195,2748.7101,2752.9384,2485.5216,2345.6759,3356.857,3480.345,4062.7656,3830.3515,2858.5348,2521.8184,3020.0296,2944.9099,2882.7405,2601.5166,2639.1684,2624.7254,3098.2509,3488.2292,3262.6181,3320.8477,3410.0919,3337.797,5048.4374,4412.2942,0,0,3307.539,3364.0602,3586.5889,4129.8595,5601.757,5166.2932,4989.9516,5617.0013,3499.8539,3576.4952,2744.4894,2842.2237
PC 40:3 (PC),2245.5786,2468.1639,2589.1734,2565.158,1164.7317,1124.1541,0,0,1521.2614,1282.2973,1579.9741,1334.0055,1380.3757,1277.8917,1509.5834,1632.0417,1341.9644,1319.0447,1593.3627,1380.6476,1658.9821,1813.5341,1613.1885,1641.1479,1255.755,1263.7388,1723.4188,1652.1142,0,0,1178.1702,1215.8318,1402.0784,1684.9328,903.7935,1164.7961,968.5749,970.1256,1763.4085,1876.1404,1658.1123,1413.0855
PC 40:2 (LPC),38.64,30.0778,24.1082,19.5271,0,0,0,0,11.2133,16.4395,9.3463,22.9082,0,0,43.6719,0,0,0,0,22.6134,30.8065,17.8499,24.1151,7.7666,25.9069,32.2943,0,0,0,0,0,0,0,0,0,0,0,0,9.4072,21.0313,22.9727,9.5905
PC 40:2 (PC),2724.3031,3000.1627,3299.4552,3093.9142,0,0,0,0,1592.8842,1499.3878,1510.6728,1709.8804,1733.0586,1635.0802,1633.4409,1879.2928,1888.0203,1879.9213,1890.4682,1828.496,2435.3563,2107.2273,2253.8771,2402.8744,1627.6007,1755.5118,1992.7293,2089.4773,0,0,0,0,0,0,0,0,0,0,2650.0905,3017.5409,2363.3308,2344.5131
PC 40:1 (PC),904.2748,799.2675,1082.5905,990.7384,0,0,0,0,0,0,0,0,0,0,0,0,0,0,0,0,0,0,0,0,0,0,0,0,0,0,0,0,0,0,0,0,0,0,609.1043,1004.0336,636.7458,692.8698
PC 40:0 (PC),887.4593,865.6668,1248.8489,889.2344,583.3043,564.4223,502.2221,420.4038,587.7833,574.726,605.5127,731.0536,0,0,599.5829,0,559.3844,507.3112,537.5759,573.8199,688.7812,700.9029,647.5752,606.0756,509.882,684.8234,582.162,662.8939,0,0,487.7799,566.9467,712.8953,799.6158,591.143,513.65,397.8655,501.3015,645.5074,767.3087,646.043,576.8886
PC O-42:6 (LPC),21.91,0,0,0,0,0,0,0,0,0,0,0,0,0,0,0,0,0,0,0,0,0,0,0,0,0,0,0,0,0,0,0,0,0,0,0,0,0,0,0,0,0
PC O-42:6 (PC),1488.4859,1437.2044,1672.9314,1793.7913,782.5086,699.3668,614.5403,599.8927,673.7958,718.6184,838.544,806.1198,513.7661,509.5058,644.4197,633.3317,571.5898,468.8682,556.885,564.5261,819.8099,899.641,609.828,840.1852,552.903,623.6267,840.9304,859.2102,0,0,694.384,832.7745,1010.8271,865.8534,738.5191,812.9192,714.2702,663.5744,989.4152,888.3536,680.5173,659.1326
PC O-42:5 (LPC),8.4748,0,22.9989,0,0,0,0,0,0,0,0,0,0,0,0,0,0,0,0,0,0,0,0,0,0,0,0,0,0,0,0,0,0,22,0,0,0,0,0,0,0,0
PC O-42:5 (PC),1775.9092,1933.1372,2217.3979,2299.7056,834.4201,686.3982,524.9573,528.7774,797.823,787.3443,958.5939,1000.5185,546.2208,605.0817,725.1776,661.7421,664.1835,509.48,529.3185,545.4898,866.9322,714.8711,837.0259,766.058,842.1431,762.685,979.1028,947.731,0,0,955.0476,1040.4644,1232.3911,1384.9356,1008.1171,960.6899,959.1087,921.0872,962.0305,1183.5734,988.5924,960.3814
PC O-42:4 (PC),1356.8552,1299.5672,1570.309,1613.7715,560.4115,537.9298,0,0,672.3542,689.4143,780.1572,578.7007,507.6503,579.4018,508.5381,454.422,447.5402,504.5871,457.2679,574.4188,704.5434,626.2034,653.9588,673.7038,508.6798,641.1255,686.729,739.9003,0,0,0,0,0,528.6786,685.6994,634.6076,652.7181,641.8559,752.5548,788.1209,638.2912,660.9826
PC O-42:3 (PC),1055.0367,951.3536,1000.4583,1000.0227,451.2417,476.9607,324.7035,338.2284,652.9096,853.6029,707.4953,830.201,429.7024,422.2551,463.0653,410.8747,371.0527,302.7787,413.4877,456.7358,559.9066,653.8111,446.2686,604.9235,698.6472,622.5517,836.6083,960.1293,0,0,639.0935,537.2436,794.5202,807.2564,459.3568,472.2713,496.6446,519.0941,654.1919,746.5304,554.4311,487.9752
PC O-42:0 (LPC),6.4925,0,0,0,0,0,0,0,0,0,0,0,0,0,0,0,0,0,0,0,0,0,0,0,0,0,0,0,0,0,0,0,0,0,0,0,0,0,0,0,0,0
PC O-42:0 (PC),1600.0354,1390.2914,1795.3714,1647.795,0,0,0,0,974.9697,0,0,1189.5185,0,0,0,0,0,0,0,0,0,0,0,0,0,0,0,0,0,0,0,0,0,0,0,0,0,0,854.8151,950.4413,711.7086,673.8975
PC 42:6 (LPC),21.3172,25.7515,23.753,0,0,0,0,0,0,0,0,20.184,0,0,0,0,0,0,0,0,0,0,0,0,0,0,0,0,0,0,0,0,22,0,0,0,0,0,0,25,0,0
PC 42:6 (PC),1828.2063,1877.4334,2194.4366,2383.6905,1130.1405,0,0,0,982.0718,1071.3504,1136.7991,1274.8464,0,0,0,0,854.3594,0,0,0,1061.7601,971.5874,991.7217,946.0503,0,0,1276.5181,1160.0029,0,0,0,1090.6304,1414.2341,1616.9009,933.4579,1026.9159,919.4629,1014.5333,1132.1931,1152.1429,1071.0852,1024.5432
PC 42:5 (LPC),12.2216,4.6019,0,33,0,0,0,0,0,0,0,0,0,0,0,0,0,0,0,0,0,0,0,0,23,8,29,23,0,0,0,0,14.1667,30.4282,29,0,0,24,0,5.144,0,25
PC 42:5 (PC),2610.5933,2631.041,3149.4618,3113.0509,0,0,0,0,1341.6693,1345.2856,1547.2795,1404.0547,0,0,1075.6113,945.8698,921.2415,934.1776,955.3353,998.6926,1420.5236,1306.339,1157.2605,1225.1789,1416.7926,1543.37,2373.3305,2092.5122,0,0,0,0,2082.4892,1993.4409,1512.879,1536.3919,1617.0514,1555.7703,1700.1972,1773.6472,1444.755,1490.0554
PC 42:1 (PC),647.7027,520.8231,741.4968,806.0095,0,0,0,0,221.6557,275.12,254.5034,252.5122,0,0,0,0,0,0,0,0,0,0,0,0,0,0,0,0,0,0,0,0,0,0,0,0,0,0,486.4115,604.4822,428.4274,411.4527
PC 42:0 (PC),250.2269,208.3313,265.9684,240.7318,124.513,123.2019,107.0142,101.5906,150.5004,150.9949,167.9302,163.1142,117.4517,149.5617,177.6264,180.6172,88.1586,111.6485,112.4878,61.4632,165.1566,159.1205,119.6809,126.4415,133.1653,161.929,133.561,246.3559,0,0,66.364,85.0577,161.6809,121.5659,135.7954,168.5278,117.8836,155.6851,104.4451,155.7597,111.2821,125.7484
PC O-44:6 (PC),253.3846,273.2457,315.3508,344.5083,161.6207,158.1821,98.6882,111.219,112.6828,124.697,172.8255,227.8616,116.1442,132.5154,164.7207,94.4367,100.483,105.5681,111.9017,127.6328,184.8472,198.2379,170.0195,199.2815,159.4358,189.2057,186.3994,238.7443,0,0,108.9577,103.56,106.7823,161.197,123.9576,185.742,108.6626,157.4683,146.7308,195.3986,110.4139,195.4675
PC 44:12 (PC),66.6998,16.6048,59.512,22.0287,17.7259,18.9336,0,0,25.6419,46.7162,0,0,53.0919,0,0,24.4498,28.0223,0,30.5396,0,1.8518,16.5646,0,0,39.3131,3.734,21.701,10.3138,0,0,7.0104,15.6669,28.5719,3.5686,19.2932,8.5774,78.7037,47.785,77.1427,0,54.2137,9.0233
PC O-44:5 (PC),409.592,361.8486,500.3549,451.1363,153.1628,150.6461,168.0196,141.4456,230.4597,168.8816,205.4222,244.9872,150.463,148.9155,212.4642,200.0658,181.0371,136.3679,134.6646,217.2962,180.1397,226.9955,239.7665,216.2122,242.7036,273.2902,310.3986,318.8494,0,0,0,0,0,192.6541,209.8362,195.5895,138.6956,132.6468,226.5543,207.5064,221.7346,200.7501
PC O-44:4 (LPC),59,59,49,57,25,42,27,30,38,23,29,0,33,23,0,0,0,22,25,33,34,46,42,40,35,35,45,42,0,0,22,22,0,0,44,57,30,73,50,66,45,52
PC O-44:4 (PC),332.8283,246.4568,379.0967,490.7539,212.2533,165.8245,156.8022,133.8761,160.7548,196.036,218.9984,192.6645,150.2533,137.3639,154.8287,147.0114,92.159,161.3227,116.4107,148.8637,212.184,193.3547,157.6498,218.8411,202.1457,201.5382,275.9577,256.973,0,0,206.9572,179.0431,211.6297,336.7671,200.9004,199.6557,176.7185,216.0938,219.6608,231.3037,191.3384,135.1263
PC O-44:3 (PC),780.6202,698.0368,578.0246,706.5466,334.674,255.4447,0,225.8011,390.1016,309.3505,329.6588,290.1045,245.7798,214.5807,190.913,227.1294,160.6999,140.8659,240.0365,207.1941,280.6309,257.8946,324.4901,311.4365,262.4044,311.9854,264.3584,296.7981,0,0,308.2719,390.3471,484.7567,489.2998,250.608,357.9378,294.7986,213.2995,435.8168,396.8148,209.6077,160.7668
PC O-44:0 (PC),265.0761,274.0299,409.4512,347.5757,0,0,0,0,0,0,0,0,0,0,0,0,0,0,0,0,0,0,0,0,0,0,0,0,0,0,0,0,0,0,0,0,0,0,141.2221,171.862,77.5616,91.9064
PC 44:6 (PC),255.2552,311.3461,448.2088,409.5363,0,0,0,0,0,0,0,0,0,0,0,0,0,0,0,0,0,0,0,0,0,0,0,0,0,0,0,0,0,0,0,0,0,0,171.3781,188.1228,145.5693,145.2366
PC 44:2 (PC),890.8854,879.3967,1072.433,1083.8971,0,0,0,0,0,0,0,0,0,0,0,0,0,0,0,0,0,0,0,0,0,0,0,0,0,0,0,0,0,0,0,0,0,0,0,0,0,0
PC 44:1 (PC),296.748,332.5724,392.0794,311.1213,0,0,0,0,62.4351,61.4914,109.6076,61.179,0,0,0,0,0,0,0,0,0,0,0,0,0,0,0,348.9795,0,0,0,0,0,0,0,178.8613,116.3174,107.1044,188.5286,154.8655,87.4582,120.514
PC 44:0 (PC),81.9762,83.4771,113.2557,155.8098,25.9182,34.1256,37.7414,19.2225,34.3634,12.4548,34.9604,33.9323,117.1548,57.3279,48.0007,73.2293,63.5432,32.3036,42.3187,39.2054,47.4113,40.9156,37.9996,29.1249,49.1675,80.0725,64.7527,68.5852,0,0,37.8796,9.6865,33.1405,23.4536,38.2772,51.4104,16.7645,40.0177,71.6776,39.6978,49.1165,45.0615
PC O-46:6 (PC),118.4203,82.3624,115.7769,118.7154,27.9223,39.253,4.996,41.9518,24.2463,50.1743,31.3498,67.1945,40.3356,21.4865,18.5999,51.251,39.3198,20.7786,63.526,52.2801,61.8686,38.1479,58.2161,52.393,60.1368,74.9768,79.893,145.2242,0,0,0,30.6771,27.9449,38.2724,36.1388,27.0056,31.8476,35.0186,72.1034,93.098,54.8554,69.4662
PC 46:12 (PC),20.7668,59.8348,38.2808,17.8118,17.3357,3.1076,34.0734,8.5992,37.8516,18.3583,40.064,4.9954,23.2698,14.4395,24.5482,9.1891,29.0029,33.7832,5.1839,0,4.2009,2.095,25.1615,11.2919,35.6675,4.5727,17.5659,0,0,0,16.2491,0,13.8929,15.1554,12.3262,19.8093,7.8986,8.788,9.9856,0,32.2132,0
PC O-46:5 (PC),172.924,114.1816,121.147,114.1062,48.1295,56.871,12.4435,42.3853,52.2023,71.0165,41.7447,57.8032,22.9443,34.4332,43.4374,57.2259,39.9161,27.014,67.9975,76.1389,78.2637,62.1793,23.2623,54.4699,56.1399,63.7009,72.9816,110.988,0,0,46.7704,39.5227,63.7294,69.7146,21.555,61.8425,59.3635,29.3506,72.8715,79.0432,42.6107,70.3084
PC 46:0 (PC),22.816,59.9521,39.1627,28.4161,0,0,0,0,16.4646,16.2093,13.0667,1.4076,0,0,0,0,0,0,0,0,0,0,0,0,0,0,0,0,0,0,0,0,0,0,0,0,0,0,21.1456,32.0532,7.9266,21.0634
LPC O-20:0 (PC 104),0,8.033,14.0883,0,14.7789,17.0883,0,34,18.033,12.3977,33,21.7236,0,35,0,25.2153,0,24,0,0,32.16,22.0883,16.033,21.7789,0,0,6.9777,0,0,0,0,0,0,22.9612,24,0,11.2153,12.3977,0,30,13.033,0
LPC O-26:5 (PC),0,21.9277,0,0,0,0,0,0,0,0,0,0,0,0,0,0,0,0,0,0,0,0,0,0,0,0,0,0,0,0,0,0,0,0,0,0,0,0,0,0,0,0
PC 26:5 (PC),0,10.343,0,0,0,0,0,0,7.5636,0,0,0,0,0,0,0,0,0,0,0,0,0,0,0,0,0,0,9.933,0,0,0,0,0,0,0,0,0,0,0,0,0,0
LPC O-30:1 (LPC),0,3.1205,0,0,0,0,0,2.2148,0,2.8222,0,0,15.5517,0,0,0,0,0,0,0,0,0,0,0,0,0,0,13.0525,0,0,0,0,0,0,0,0.2287,0,0,13.0927,0,0,10.2689
PC O-34:4 (LPC),0,7.0073,0,0,0,0,0,0,0,0,5.6325,1.9035,0.7906,0,0,0,3.6847,0,0,0,12.8909,13.7581,0,0,4.3483,7.4951,0,7.5026,0,0,0,0,0,0,0,0,0,5.9047,0,0,0,0
PC 34:3 (PC 104),0,13.0603,26.2349,0,10.315,26.993,18.8723,0,27.6488,0,0,21.3591,0,1.9989,0,0,25.0611,0,16.8004,14.4008,5.0978,4.4005,9.9898,2.7396,0,2.9748,0,31.8495,0,0,0,0,0,0,0,0,0,0,21.5924,26.8782,29.2338,8.587
PC 36:7 (LPC),0,8.9373,0,18.9376,8.0043,0,0,13.1839,0,0,19.9059,0.3855,0,0,21.288,0,0,0,0,5.3943,0,0,0,0,0,0,2.7555,0,0,0,2.6999,0,0,13.0836,3.3171,0,13.457,0,0,0,0,0
PC O-36:0 (PC),0,0,0,0,177.994,291.6873,95.5022,196.0921,3.3688,23.665,0,0,0,128.6373,429.9301,0,21.0488,0,132.7728,0,0,0,0,1.1633,304.4306,662.7948,1264.3728,483.8137,0,0,381.1888,240.4103,682.6454,364.9165,0,0,0,133.6434,218.8598,68.7896,276.7988,247.1703
PC O-38:11 (LPC),0,7.6876,10.7123,28.1656,11.9045,4.2191,21.3616,17.764,3.6126,0,8.5124,33.5773,7.693,0,37.9373,22.0621,8.8668,12.1428,0,14.76,0,0,5.8148,9.8152,6.0566,0,0,0,0,0,0,6.3624,0,9.7366,7.8964,0.8443,19.8188,29.9683,0,0,0,0
PC 38:10 (PC 104),0,1.6443,12.3928,0,0,0,0,3.6936,0,0,0,0,0,0,0,0,0,0,0,0,0,0,0,0,0,0,0,0,0,0,2.2997,0,4.8627,0,0,8.774,0,0,0,0,0,0
PC 38:8 (PC 104),0,2.4084,2.4647,0,0,2.8376,0,0,17.1509,0,0,0,0,0,0,0,0,0,0,0,0,0,0,0,0,0,0,0,0,0,26.4613,0,0,0,0,20.8315,0,0,0,0,0,0
PC 38:8 (PC),0,56.1676,0,0,1145.3879,1146.1838,1024.3605,363.278,421.6521,1118.3548,1119.4524,782.228,434.9242,554.118,637.816,539.2978,0,0,0,0,391.2719,634.8934,819.2637,875.3904,1114.8022,1122.7093,1145.4459,1247.7833,0,0,442.8478,146.9366,0,383.0776,1797.09,1557.572,1587.5465,1650.2439,0,0,0,0
PC O-40:12 (PC 104),0,3.1376,6.7472,0,19.0133,0,0,0,3.5283,0,2.7801,0,0,0,0,0,0,0,0,0,0,0,0,0,0,0,0,0,0,0,13.7824,25,0,0,0,0,0,0,0,0,0,0
PC O-40:11 (LPC),0,0,0,0,0,0,0,0,5.3676,0,0,10.5193,0,0,23.376,37.2537,6.7883,0,0,0,0,0,0,15.1769,0,0,7.9537,0,0,0,0.776,0,53.1649,0,0,0,0,39.2115,0,0,0,34.7993
PC O-40:10 (PC 104),0,8.8955,0,5.616,12.7951,10.2093,6.9418,2.6045,0,18.7064,37.4271,18.2196,0,0,12.0075,11.529,0,3.069,12.9924,12.1421,38.0175,21.7841,0,16.7863,14.2853,1.0035,5.5406,5.1069,0,0,0,0,6.0461,7.2112,0,13.458,8.8024,9.8835,29.1687,31.2183,16.9653,21.5372
PC 40:12 (PC),0,0,0,0,0,116.4095,92.5516,24.5188,229.861,0,150.6109,154.4769,0,0,0,0,0,0,0,0,22.4914,163.1991,216.3092,6.2887,20.3347,163.381,0,126.428,0,0,126.6046,0,0,0,134.2209,0,68.1336,0,51.4171,266.5375,0,0
PC 40:8 (LPC),0,15.2569,9.9815,23.5812,0,0,0,0,0,0,0,0,0,0,0,0,0,0,0,0,0,0,0,0,0,0,8.7453,23.9968,0,0,0,0,0,0,0,0,0,0,0,0,0,10.8117
PC O-40:0 (PC 104),0,28,34,0,0,0,0,0,0,0,0,0,0,0,0,0,0,0,0,0,0,0,0,0,0,0,22,0,0,0,0,0,0,7,0,0,0,25,0,0,0,0
PC O-42:12 (PC 104),0,16.6114,8.8409,7.0532,27,6.7955,0,0,0,0,0,0,0,22,0,0,0,0,0,0,0,0,0,0,0,0,0,0,0,0,0,0,0,0,0,0,0,0,0,0,0,0
PC O-42:12 (LPC),0,0,0,0,0,16.1166,8.2689,0,0,5.3379,6.3965,0,0,0,0,0.1285,0,9.287,0,0,11.568,0.2346,6.6023,0,23.8288,16.8429,0,0,0,0,0,0,0,0,9.3995,0,0,0,7.8533,0,32.4985,0
PC 40:3 (LPC),0,25.0372,9.6702,10.3824,0,0,0,0,0,4.1807,18.3688,0,0,0,0,0,0,0,0,0,0,0,0,30.7007,0,0,0,11.318,0,0,0,0,16.2447,0,0,0,0,0,0,16.4063,8.9318,5.0968
PC 30:8 (PC 104),0,0,24,0,0,0,0,0,0,0,0,28,0,0,0,0,0,0,0,0,23,27,0,0,0,0,0,0,0,0,0,23,0,27,0,0,0,0,0,27,0,0
PC 34:9 (LPC),0,0,12.1659,0,0,0,25.6919,0,0,0,0,0,26.9902,23.8863,33.7061,22.276,0,16.5663,0,6.9049,0,0,0,0,12.6428,0,0,24.7663,0,0,0,0,0,0,0,0,21.0379,0,13.6226,11.9315,0,0
PC 34:7 (PC),0,0,2632.2883,0,0,0,0,0,0,0,0,0,0,0,0,0,0,0,0,0,0,0,0,0,0,0,0,0,0,0,0,0,0,0,0,0,0,0,0,0,0,0
PC 34:1 (LPC),0,0,22,0,0,0,0,0,0,0,0,0,0,0,0,0,0,0,0,0,0,0,0,0,0,0,0,0,0,0,0,0,0,0,0,0,0,0,0,0,0,0
PC O-36:6 (LPC),0,0,8.836,0,0,0,5.6402,14.508,12.3709,1.9512,24.0395,0,0,11.5676,0,0,0,0,0,0,0,0,7.8461,7.1787,0,0,1.903,0,0,0,8.585,0,0,21.7439,12.1999,0,0,2.7263,0,0,0,5.3635
PC 36:8 (LPC),0,0,0,0,0,11.8349,0,0,0,0,0,0,0,0,0,0,0,0,13.0319,15.5553,6.1944,0,5.8161,0,8.9369,0,0,0,0,0,0,2.578,0,0,0,0.8775,0,0,0,0,1.3993,4.4719
PC 36:7 (PC 104),0,0,8.8302,0,0,0,17.7252,0,0,8.1765,0,0,0,13.1906,2.9249,6.9615,0,0,0,0,0,26.7707,16.7281,0,0,9.2455,0,12.9199,0,0,11.2818,0,0,0,0,27.9294,7.9682,0,8.5955,0,0,0
PC 36:6 (LPC),0,0,15.2309,0,0,0,0,0,13.7953,0,0,0,0,0,0,0,0,0,0,0,0,0,0,0,0,0,0,4.5822,0,0,0,0,7.7961,0,0,0,0,0,0,0,0,0
PC 36:5 (PC 104),0,0,24.8817,0,0,0,0,0,27.9413,0,0,24.9391,0,0,0,0,0,0,0,0,0,0,0,0,0,0,0,0,0,0,0,0,0,0,0,0,0,0,0,0,0,0
PC 36:0 (PC 104),0,0,23.3976,21.8254,11.5483,0,0,0,0,10.9925,4.8846,7.8327,9.9286,19.3926,0,0,16.4818,0,0,0,9.5416,7.7297,1.6734,1.8035,0,0,0,0,0,0,0,0,0,5.0357,0,0,0,0,0,12.2966,0,0
PC 36:0 (LPC),0,0,27.6938,3.6402,35.5352,20.8477,20.639,5.8659,0,25.2252,0,0,0,2.1772,0,0,0,0,0.0047,0,0,18.4543,0,13.3127,0,0,24.2563,0,0,0,23.7571,8.9266,0,36.796,0,0,17.1069,1.3069,0,16.0334,0,5.1309
PC 38:12 (PC 104),0,0,11.3339,25.7399,0,0,0,0,0,0,0,0,0,0,0,0,0,0,0,0,0,0,0,0,0,0,0,0,0,0,3.915,0,0,0,0,0,0,0,0,21.9652,0,0
PC 38:12 (LPC),0,0,1.7795,18.4047,0,1.0912,0,0,0,15.7606,0,0,0,0,0,5.1019,12.8701,0,0,0,0,10.3358,0,0,15.3952,10.5723,0,4.832,0,0,0,0,0,6.8851,0,0,27.4887,0,0.155,0,0,7.4844
PC 38:1 (PC 104),0,0,16.0839,0,0,0,7.4266,0,5.6963,25.9432,0,10.1459,0,0,0,8.5338,0,0,0,14.7679,0.8857,2.0963,8.018,0,0,0,9.7124,0,0,0,0,8.7708,0,0,0,0,0,0,11.9348,1.1729,0,6.6902
PC O-40:6 (PC 104),0,0,36.0942,11.508,0,0,0,0,0,0,0,0,0,0,0,0,0,0,0,0,0,0,0,0,0,0,0,0,0,0,21.926,0,22.88,10.3679,0,0,0,0,0,0,0,0
PC 40:12 (LPC),0,0,0.2394,0,9.7217,0.8859,0,0,0,0,2.5042,22.8483,0,0,0,0,0,0,0,0,0,0,0,0,0,17.5533,0,0,0,0,16.8418,0,0,0,0,0,10.8344,11.3909,15.1903,6.9751,0,0
PC O-40:4 (PC 104),0,0,6.4387,8.3568,0,0,0,0,0,0,0,0,0,0,0,0,0,0,0,0,0,0,0,0,0,0,0,0,0,0,0,0,0,0,0,0,0,0,0,0,0,0
PC 40:9 (LPC),0,0,20.597,0,0,0,0,0,0,0,0,0,0,0,0,0,0,0,0,0,0,0,0,0,0,0,0,0,0,0,0,0,0,0,0,0,0,0,27.4537,16.1827,0,0
PC 40:9 (PC),0,0,1443.9692,0,0,0,0,0,0,0,0,0,0,0,0,0,0,0,0,0,0,0,0,0,0,0,0,0,0,0,0,0,0,0,0,0,0,0,1596.2173,1556.3742,0,0
PC O-42:12 (PC),0,0,0,0,0,0,76.9135,0,0,335.9256,0,0,0,0,0,0,14.2907,0,0,0,0,0,0,0,0,0,0,0,0,0,0,0,0,0,0,166.8587,48.6356,0,0,0,0,0
PC O-42:4 (LPC),0,0,17.7536,25,0,0,0,0,0,0,0,0,0,0,0,0,0,0,0,0,0,0,0,0,0,0,0,0,0,0,0,0,0,0,0,0,0,0,0,0,0,0
PC O-42:1 (LPC),0,0,21.9734,0,0,0,0,0,0,0,0,0,0,0,0,0,0,0,0,0,0,0,0,0,0,0,0,0,0,0,0,0,0,0,0,0,0,0,0,0,0,0
PC O-42:1 (PC),0,0,2076.7195,0,0,0,0,0,0,0,0,0,0,0,0,0,0,0,0,0,0,0,0,0,0,0,0,0,0,0,0,0,0,0,0,0,0,0,0,0,0,0
PC O-44:12 (LPC),0,0,5.753,0,0,0,0,0,0,0,0,0,0,0,0,0,0,0,0,0,0,0,0,0,0,0,0,0,0,0,0,0,0,0,0,0,0,0,0,0,0,0
PC 42:2 (PC),0,0,1640.8951,1683.4,0,0,0,0,0,0,0,0,0,0,0,0,0,0,0,0,0,0,0,0,0,0,0,0,0,0,0,0,0,0,0,0,0,0,0,0,0,0
PC O-46:4 (PC),0,0,84.219,0,0,0,0,0,0,0,0,0,0,0,0,0,0,0,0,0,0,0,0,0,0,0,0,0,0,0,0,0,0,0,0,0,0,0,0,0,0,0
PC 46:3 (PC),0,0,104.1773,0,0,0,0,0,0,0,0,0,0,0,0,0,0,0,0,0,0,0,0,0,0,0,0,0,0,0,0,0,0,0,0,0,0,0,0,0,0,0
PC 46:2 (PC),0,0,151.3152,0,0,0,0,0,0,0,0,0,0,0,0,0,0,0,0,0,0,0,0,0,0,0,0,0,0,0,0,0,0,0,0,0,0,0,0,0,0,0
PC O-48:6 (PC),0,0,36.3497,23.7017,0,0,0,0,0,0,0,0,0,0,0,0,0,0,0,0,0,0,0,0,0,0,0,0,0,0,0,0,0,0,0,0,0,0,35.4825,19.7301,6.5178,19.2929
LPC O-30:1 (PC),0,0,0,30.2435,0,0,0,0,0,0,0,0,0,0,0,0,0,0,0,0,0,0,0,0,0,0,0,0,0,0,0,0,0,0,166.9892,30.6387,0,0,0,0,0,0
PC 32:7 (PC 104),0,0,0,0.647,0,3.1001,0,0,0,0,4.0793,0,0,22.0874,0,0,0,0,0,0,0,0,0,0,0,0,0,0,0,0,5.9745,0,0,3.2247,0,0,6.1782,6.291,0,0,0,0
PC 32:5 (LPC),0,0,0,11.809,26.0237,14.8916,0,0,0,22.4676,18.1032,0,15.739,0,14.1546,0,19.5435,0,0,0,0,39.9768,0,0,0,0,17.6595,0,0,0,0,0,0,0,0,0,0,0,0,0,0,0
PC O-38:10 (PC 104),0,0,0,6.6025,0,9.7839,0,0,2.4855,0,4.0551,0,0,7.6168,0,9.1005,1.6973,4.2447,0,4.1815,5.9552,2.989,0.6171,0,0,0,0,0,0,0,0,0,0,0,0,0,0,0,33.1638,0,0,0
PC 40:11 (LPC),0,0,0,5.8031,0,0,0,0,27.4504,0,0,1.9096,0,0,0,0,0,0,0,0,9.725,0,0,0,18.4019,0,0,0,0,0,1.6029,0,29.7647,28.0347,7.4354,6.4457,0,0.7714,0,0.8009,11.2924,0
PC 40:1 (LPC),0,0,0,5.8454,0,0,0,0,0,0,0,0,0,0,0,0,0,0,0,0,0,0,0,0,0,0,0,0,0,0,0,0,0,0,0,0,0,0,10.0337,0,0,0
PC 42:1 (LPC),0,0,0,22,0,0,0,0,0,0,0,0,0,0,0,0,0,0,0,0,0,0,0,0,0,0,0,0,0,0,0,0,0,0,0,0,0,0,0,0,0,0
LPC O-10:3 (LPC),0,0,0,0,21.6224,0,0,0,0,0,0,0,0,0,7,0,0,0,0,0,0,0,0,0,0,0,0,0,0,0,0,0,0,0,0,0,0,0,0,0,0,0
LPC O-16:1 (PC 104),0,0,0,0,35,0,0,0,0,0,22,52,0,0,0,0,0,0,0,0,0,0,0,0,0,0,0,0,0,0,33,0,30,0,0,0,0,0,0,0,0,0
LPC O-16:1 (LPC),0,0,0,0,22.9944,0,0,0,0,0,0,23,0,0,0,0,0,0,0,0,0,0,0,0,0,0,0,0,0,0,86.0069,76.2622,36.5237,34.2611,0,0,0,0,0,0,0,0
LPC O-16:1 (PC),0,0,0,0,42,0,0,0,0,0,25.7113,29,0,0,0,0,0,0,0,0,0,0,0,0,0,0,0,0,0,0,40,0,35.2792,29,0,0,0,0,0,0,0,0
LPC 16:0 (PC 104),0,0,0,0,543.1887,489.0973,422.2774,402.5297,0,0,0,0,0,452.1352,0,0,0,0,0,0,0,0,495.6425,475.8253,0,0,0,0,0,0,304.6924,310.0699,332.4348,276.0323,0,0,0,0,0,0,0,0
LPC 16:0 (LPC),0,0,0,0,59.9962,45,30,38,0,0,0,0,0,34,0,0,0,0,0,0,0,0,37,39.9226,0,0,0,0,0,0,22,21.046,0,18.7212,0,0,0,0,0,0,0,0
LPC 16:0 (PC),0,0,0,0,2685.9009,2628.2075,1823.2866,1805.5892,0,0,0,0,0,1829.6885,0,0,0,0,0,0,0,0,2141.9027,2361.5104,0,0,0,0,0,0,1461.1048,1599.1759,1773.9313,1762.0478,0,0,0,0,0,0,0,0
LPC 18:0 (PC 104),0,0,0,0,523.2426,0,0,0,0,0,0,0,0,0,0,0,0,0,0,0,0,0,0,0,0,0,0,0,0,0,0,0,0,0,0,0,0,0,0,0,0,0
LPC 18:0 (LPC),0,0,0,0,35.6403,0,0,0,0,0,0,0,0,0,0,0,0,0,0,0,0,0,0,0,0,0,0,0,0,0,0,0,0,0,0,0,0,0,0,0,0,0
LPC 18:0 (PC),0,0,0,0,1960.695,0,0,0,0,0,0,0,0,0,0,0,0,0,0,0,0,0,0,0,0,0,0,0,0,0,0,0,0,0,0,0,0,0,0,0,0,0
LPC O-26:5 (LPC),0,0,0,0,14,0,0,0,0,0,0,0,0,0,0,0,23,0,0,0,0,0,0,0,0,0,0,0,0,0,0,0,0,0,0,0,0,0,0,0,0,0
PC O-26:6 (PC),0,0,0,0,9.8228,46.0305,0,0,0,0,24.2794,25.5091,9.5827,10.6533,0,23.7933,0,0,0,0,8.2158,30.0291,10.5884,26.7153,12.3457,13.6329,1.2234,0,0,0,0,0,0,0,0,0,8.9968,6.8955,24.1503,3.3788,0,0
PC 30:7 (PC),0,0,0,0,219.3256,0,0,0,149.0364,276.1786,450.8767,0,0,59.5219,248.9726,0,0,0,0,0,166.8414,0,0,0,0,0,189.9508,25.4506,0,0,0,0,0,0,0,0,0,0,227.7663,0,0,0
PC 30:2 (PC 104),0,0,0,0,27,0,0,0,25,0,0,13.5356,0,0,0,0,0,0,0,0,0,6.8526,17.8526,0,0,0,0,0,0,0,0,0,0,0,0,0,0,0,0,5.3645,0,0
PC 30:2 (PC),0,0,0,0,915.4687,730.1387,468.1058,508.9825,189.9354,463.608,92.6153,0,0,109.4614,239.9631,1.3949,560.1671,472.7873,428.3252,342.1856,0,0,0,40.1167,0,500.9394,0,0,0,0,298.3095,118.1404,71.7469,134.3436,0,0,31.7458,0,338.7109,947.5048,517.9953,426.3909
PC 34:8 (LPC),0,0,0,0,2.7386,0,0,0,3.1938,0,0,0,7.0563,0,0,0,0,0,19.7231,0,0,0,0,0,0,0,0,0,0,0,0,0,0,0,0,0,0,0,0,0,0,0
PC O-34:0 (LPC),0,0,0,0,32,27,23,35,0,28,0,0,0,32,22,29,22,23,0,0,25,0,22,23,23,0,0,35,0,0,0,23,0,34,12,23,27,24,22,0,29,23
PC 34:4 (PC),0,0,0,0,31617.4333,27539.3413,17893.573,23200.4645,1199.6052,12643.9452,15902.0931,10793.6537,0,0,0,0,5807.9544,864.0215,0,0,0,0,0,0,0,0,2255.23,0,0,0,3945.6151,8751.5204,10985.0638,11690.6501,630.6438,0,0,0,0,0,0,0
PC 36:10 (PC 104),0,0,0,0,8.229,0,0,5.1612,0,0,13.4039,0,0,4.7064,0,0,0,0,0,0,0,0,0,0,0,0,0,0,0,0,15.9715,9.7312,0,0,0,0,0,2.8834,0,0,0,0
PC 36:0 (PC),0,0,0,0,0,0,0,0,0,0,0,0,0,0,0,0,0,0,0,0,0,0,0,0,0,0,0,0,0,0,0,0,0,0,0,75.4305,0,0,0,0,0,0
PC 38:10 (LPC),0,0,0,0,12.0104,0,3.4597,8.7446,14.3293,8.3896,0,0,9.6227,0.7316,0,0,6.424,9.1027,3.7683,0,29.2471,11.2368,18.7734,8.8817,0,0,0,0,0,0,0,26.0155,6.3686,23.7293,0,0,0,0.8725,0,0,0,2.4429
PC O-32:6 (LPC),0,0,0,0,0,0,0,0,0,0,0,0,0,0,0,0,0,0,0,0,0,0,0,0,0,0,14.2735,0,0,0,0,0,0,0,0,0,0,0,0,0,5.2604,0
PC 32:6 (LPC),0,0,0,0,0,3.0388,0,0,0,0,0,0,0,0,0,0,0,0,0,0,0,0,0,0,0,0,0,0,0,0,0,0,0,0,0,1.4678,0,0,0,0,0,0
PC O-40:0 (LPC),0,0,0,0,0,8,0,0,0,0,0,0,0,0,0,0,0,0,0,0,0,0,0,0,0,0,0,0,0,0,0,0,0,0,0,0,0,0,0,0,0,0
LPC O-12:1 (LPC),0,0,0,0,0,0,26.8573,42,0,0,0,0,0,0,0,0,0,0,0,0,0,0,0,0,0,0,0,0,0,0,0,0,0,0,0,0,0,0,0,0,0,0
LPC O-20:1 (PC 104),0,0,0,0,0,0,25,0,0,0,0,35,0,0,0,27,0,0,0,0,0,0,32,28,0,0,0,0,0,0,0,29,0,0,0,0,27,22,0,0,32,0
LPC O-20:1 (PC),0,0,0,0,0,0,30,45,0,0,74,47,35,54,47,52,54,67,0,0,0,0,51,69,27,33,0,0,0,0,38,43,0,0,45,47,40,40,0,0,29,49
PC 34:10 (PC),0,0,0,0,0,0,0,0,177.3382,271.3185,146.0288,114.3863,71.1356,92.8524,0,185.4747,90.0621,37.9701,0,0,175.6387,255.4878,0,0,0,0,142.5232,94.2921,0,0,0,0,0,0,0,0,0,0,0,0,0,0
PC 38:11 (PC 104),0,0,0,0,0,0,0,0,0,0,0,0,0,0,0,0,0,0,0,0,0,0,0,0,0,0,0,0,0,0,3.321,11.4301,1.9765,0,0,0,0,3.3456,0,0,0,0
PC 42:12 (PC),0,0,0,0,0,0,0,32.6405,50.6695,0,28.4149,0,0,0,0,0,0,39.9892,0,0,0,0,94.4323,0,0,0,0,0,0,0,0,0,0,0,0,0,0,43.7152,0,0,61.9426,0
PC O-34:6 (PC 104),0,0,0,0,0,0,0,0,0.8609,0,0,0,0,0,0,0,0,1.0466,0,0,0,23.9019,0,2.4416,0,0,0,0,0,0,0,0,0,0,0,2.9765,0,12.6333,0,5.3259,0,0
PC 38:10 (PC),0,0,0,0,0,0,0,0,617.544,505.9533,0,0.6015,352.1779,493.1,393.0543,357.8885,827.7469,91.4807,451.592,590.0939,734.9389,605.4199,822.915,746.6016,290.5945,28.3373,139.5949,90.2054,0,0,0,0,0,0,0,0,0,0,259.8744,162.8421,1003.91,979.8854
PC 40:10 (PC),0,0,0,0,0,0,0,0,343.2618,0,0,0,0,0,0,0,0,0,0,0,433.6163,0,0,0,0,0,242.1679,374.3784,0,0,0,0,0,169.4296,0,0,76.5753,0,63.9173,179.7393,212.9548,102.5204
LPC O-10:3 (LPC),0,0,0,0,0,0,0,0,0,22,0,0,0,0,0,0,0,0,0,0,0,0,0,0,0,0,0,0,0,0,34.9789,28,0,0,0,0,0,0,0,0,0,23
PC 34:4 (PC 104),0,0,0,0,0,0,0,0,0,5.6994,0,0,0,0,0,0,0,0,0,0,0,0,9.0217,1.7402,0,0,0,0,0,0,0,0,0,0,0,0,0,0,0,0,0,0
PC 28:1 (PC 104),0,0,0,0,0,0,0,0,0,0,7.4652,0,0,0,2.0803,0,0,0,0,0,0.3884,5.8489,0,0,0,0,0,3.6973,0,0,0,0,0,0,0,0,0,0,0,0,0,0
PC 32:8 (PC 104),0,0,0,0,0,0,0,0,0,0,22,0,0,0,0,0,0,0,27,0,0,0,0,0,0,0,0,0,0,0,0,0,0,0,0,0,0,15,0,0,0,0
PC 38:11 (LPC),0,0,0,0,0,0,0,0,0,0,0,0,4.617,0,9.3784,0,0,0,16.1727,0,0,10.4543,0,0,0,17.4113,0,16.5492,0,0,0,0,0,0,0,0,0,0,0,0,0,0
PC 42:11 (PC),0,0,0,0,0,0,0,0,0,0,8.7774,0,0,0,0,0,20.7349,0,0,0,0,134.1896,0,0,0,0,0,0,0,0,0,0,0,0,27.3983,0,0,0,5.5832,0,0,0
LPC O-20:4 (LPC),0,0,0,0,0,0,0,0,0,0,0,0,0,0,0,0,0,0,0,0,0,0,0,0,0,0,0,0,0,0,0,0,0,0,0,0,0,0,0,0,0,0
PC O-32:6 (PC 104),0,0,0,0,0,0,0,0,0,0,0,9.854,0,0.7813,0,7.2592,0,7.4387,0,0,0,0,0,0,0,0,0,0,0,0,0,0,0,0,0,0,0,0,0,0,0,0
PC 40:11 (PC),0,0,0,0,0,0,0,0,0,0,0,206.0044,38.7515,31.1504,162.3507,133.993,0,82.4106,19.2469,76.586,0,0,0,0,0,37.0211,0,0,0,0,0,0,0,0,0,0,0,0,0,0,43.6298,0
PC 36:10 (PC),0,0,0,0,0,0,0,0,0,0,0,0,6.3339,0,0,0,0,167.4345,349.6734,251.2661,0,0,0,0,0,0,0,0,0,0,0,0,0,0,0,0,0,0,545.656,6.2851,64.13,215.9201
PC 30:7 (LPC),0,0,0,0,0,0,0,0,0,0,0,0,0,0,5.3859,0,0,0,0,0,0,0,0,0,0,0,0,2.7038,0,0,0,0,0,0,0,0,0,0,0,0,0,0
PC 38:12 (PC),0,0,0,0,0,0,0,0,0,0,0,0,0,0,0,0,0,0,0,0,0,0,0,0,0,0,0,0,0,0,0,0,0,0,0,0,0,0,0,0,0,0
PC 28:0 (PC 104),0,0,0,0,0,0,0,0,0,0,0,0,0,0,0,0,0,0,19.5587,13.8882,0,19.2301,0,0,0,0,19.6088,0,0,0,0,0,0,0,0,0,0,0,0,0,0,0
PC O-34:6 (LPC),0,0,0,0,0,0,0,0,0,0,0,0,0,0,0,0,0,0,19.0724,0,0,0,0,0,0,0,0,0,0,0,0,0,0,0,0,0,0,0,0,0,0,0
PC O-36:10 (PC 104),0,0,0,0,0,0,0,0,0,0,0,0,0,0,0,0,0,0,0,0,0,0,0,0,0,0,0,0,0,0,0,0,0,0,0,0,0,0,0,0,0,0
PC 36:9 (PC 104),0,0,0,0,0,0,0,0,0,0,0,0,0,0,0,0,0,0,0,17.6129,17.217,15.0206,22.0147,0,0,0,0,0,0,0,2.7632,0,0,7.9083,0,0,13.2317,0,23.0292,0,0,13.4773
PC 40:8 (LPC),0,0,0,0,0,0,0,0,0,0,0,0,0,0,0,0,0,0,0,22,0,0,0,0,0,0,0,0,0,0,0,0,0,0,0,0,0,0,0,0,0,0
PC 44:10 (PC),0,0,0,0,0,0,0,0,0,0,0,0,0,0,0,0,0,0,0,0,77.3461,82.7126,0,0,0,0,0,109.2389,0,0,0,0,0,0,0,0,0,0,59.8993,32.5984,0,0
PC 28:1 (LPC),0,0,0,0,0,0,0,0,0,0,0,0,0,0,0,0,0,0,0,0,0,7,0,0,0,0,0,12,0,0,0,0,0,0,0,0,0,0,0,0,0,0
PC O-40:11 (PC),0,0,0,0,0,0,0,0,0,0,0,0,0,0,0,0,0,0,0,0,0,0,0,0,41.4054,0,0,0,0,0,0,0,0,0,0,0,0,0,0,0,245.8441,0
PC 34:8 (PC 104),0,0,0,0,0,0,0,0,0,0,0,0,0,0,0,0,0,0,0,0,0,0,0,0,0,0,0,0,0,0,0,0,0,0,0,0,0,0,0,0,17.0199,0
PC 34:6 (LPC),0,0,0,0,0,0,0,0,0,0,0,0,0,0,0,0,0,0,0,0,0,0,0,9.6175,0,0,0,0,0,0,0,0,0,0,0,0,0,0,0,0,0,0
PC O-20:5 (LPC),0,0,0,0,0,0,0,0,0,0,0,0,0,0,0,0,0,0,0,0,0,0,0,0,32,30,0,0,0,0,0,0,0,0,29.9937,12.9538,0,0,0,0,0,0
PC 22:4 (LPC),0,0,0,0,0,0,0,0,0,0,0,0,0,0,0,0,0,0,0,0,0,0,0,0,37,23,0,0,0,0,0,0,0,0,0,0,0,0,0,0,0,0
LPC 18:3 (PC 104),0,0,0,0,0,0,0,0,0,0,0,0,0,0,0,0,0,0,0,0,0,0,0,0,0,45,0,0,0,0,0,92,0,0,0,0,0,0,0,0,0,0
LPC 18:2 (PC 104),0,0,0,0,0,0,0,0,0,0,0,0,0,0,0,0,0,0,0,0,0,0,0,0,0,8.3779,0,0,0,0,0,0,0,0,0,0,0,0,0,0,0,0
LPC 18:2 (LPC),0,0,0,0,0,0,0,0,0,0,0,0,0,0,0,0,0,0,0,0,0,0,0,0,0,37,0,0,0,0,0,0,0,0,0,0,0,0,0,0,0,0
LPC 18:2 (PC),0,0,0,0,0,0,0,0,0,0,0,0,0,0,0,0,0,0,0,0,0,0,0,0,0,145,0,0,0,0,0,0,0,0,0,303.9487,0,0,0,0,0,0
LPC O-26:6 (PC 104),0,0,0,0,0,0,0,0,0,0,0,0,0,0,0,0,0,0,0,0,0,0,0,0,0,10.756,0,0,0,0,0,0,0,0,0,0,0,0,0,0,0,0
PC 26:6 (LPC),0,0,0,0,0,0,0,0,0,0,0,0,0,0,0,0,0,0,0,0,0,0,0,0,0,33,0,0,0,0,0,23,0,0,0,0,0,0,0,22,0,0
PC O-34:4 (LPC),0,0,0,0,0,0,0,0,0,0,0,0,0,0,0,0,0,0,0,0,0,0,0,0,0,0,7,0,0,0,0,0,0,0,0,0,0,0,0,0,0,0
PC O-40:12 (LPC),0,0,0,0,0,0,0,0,0,0,0,0,0,0,0,0,0,0,0,0,0,0,0,0,0,0,0,10,0,0,0,0,0,0,0,0,0,0,0,0,0,0
PC 44:11 (PC),0,0,0,0,0,0,0,0,0,0,0,0,0,0,0,0,0,0,0,0,0,0,0,0,0,0,0,69.0499,0,0,0,0,0,0,0,0,0,0,20.4212,87.061,0,54.8193
PC 44:10 (LPC),0,0,0,0,0,0,0,0,0,0,0,0,0,0,0,0,0,0,0,0,0,0,0,0,0,0,0,2.1086,0,0,0,0,0,0,0,0,0,0,0,0,0,0
LPC 16:1 (LPC),0,0,0,0,0,0,0,0,0,0,0,0,0,0,0,0,0,0,0,0,0,0,0,0,0,0,0,0,25,40,0,0,0,0,0,0,0,0,0,0,0,0
LPC 22:6 (LPC),0,0,0,0,0,0,0,0,0,0,0,0,0,0,0,0,0,0,0,0,0,0,0,0,0,0,0,0,22,25,0,0,0,0,0,0,0,0,0,0,0,0
LPC O-16:1 (LPC),0,0,0,0,0,0,0,0,0,0,0,0,0,0,0,0,0,0,0,0,0,0,0,0,0,0,0,0,0,0,26.9984,0,21.9977,0,0,0,0,0,0,0,0,0
LPC 16:0 (LPC),0,0,0,0,0,0,0,0,0,0,0,0,0,0,0,0,0,0,0,0,0,0,0,0,0,0,0,0,0,0,209.6358,234,96,99,0,0,0,0,0,0,0,0
PC O-20:3 (PC 104),0,0,0,0,0,0,0,0,0,0,0,0,0,0,0,0,0,0,0,0,0,0,0,0,0,0,0,0,0,0,91.6683,80.3043,68.0452,66.0031,0,0,0,0,0,0,0,0
LPC 20:3 (PC),0,0,0,0,0,0,0,0,0,0,0,0,0,0,0,0,0,0,0,0,0,0,0,0,0,0,0,0,0,0,58.0366,43.765,68.1767,73.8245,0,0,0,0,0,0,0,0
PC O-34:4 (PC 104),0,0,0,0,0,0,0,0,0,0,0,0,0,0,0,0,0,0,0,0,0,0,0,0,0,0,0,0,0,0,27.9163,27.6069,36.3848,24.7272,0,0,0,0,0,0,0,0
PC 34:7 (PC 104),0,0,0,0,0,0,0,0,0,0,0,0,0,0,0,0,0,0,0,0,0,0,0,0,0,0,0,0,0,0,23.6922,0.4358,6.0727,0,0,0,0,11.5053,0,0,0,0
PC O-36:6 (PC),0,0,0,0,0,0,0,0,0,0,0,0,0,0,0,0,0,0,0,0,0,0,0,0,0,0,0,0,0,0,0,0,0,0,0,0,0,0,0,0,0,0
LPC 18:3 (LPC),0,0,0,0,0,0,0,0,0,0,0,0,0,0,0,0,0,0,0,0,0,0,0,0,0,0,0,0,0,0,0,29,0,0,0,0,0,0,0,0,0,0
LPC 18:3 (LPC),0,0,0,0,0,0,0,0,0,0,0,0,0,0,0,0,0,0,0,0,0,0,0,0,0,0,0,0,0,0,0,25.3741,0,0,0,0,0,0,0,0,0,0
LPC 18:3 (PC),0,0,0,0,0,0,0,0,0,0,0,0,0,0,0,0,0,0,0,0,0,0,0,0,0,0,0,0,0,0,0,18.4527,0,0,0,0,0,0,0,0,0,0
LPC 20:6 (PC),0,0,0,0,0,0,0,0,0,0,0,0,0,0,0,0,0,0,0,0,0,0,0,0,0,0,0,0,0,0,0,18.2008,0,0,0,0,0,0,0,0,0,0
PC 22:2 (PC),0,0,0,0,0,0,0,0,0,0,0,0,0,0,0,0,0,0,0,0,0,0,0,0,0,0,0,0,0,0,0,23,0,0,0,0,0,0,0,0,0,0
LPC 26:4 (PC),0,0,0,0,0,0,0,0,0,0,0,0,0,0,0,0,0,0,0,0,0,0,0,0,0,0,0,0,0,0,0,29.997,1.5762,0,0,0,0,0,0,0,0,0
PC O-32:2 (PC 104),0,0,0,0,0,0,0,0,0,0,0,0,0,0,0,0,0,0,0,0,0,0,0,0,0,0,0,0,0,0,0,24,0,0,0,0,0,0,0,0,0,0
LPC O-18:4 (LPC),0,0,0,0,0,0,0,0,0,0,0,0,0,0,0,0,0,0,0,0,0,0,0,0,0,0,0,0,0,0,0,0,23.9892,0,0,0,0,0,0,0,0,0
PC O-36:0 (PC 104),0,0,0,0,0,0,0,0,0,0,0,0,0,0,0,0,0,0,0,0,0,0,0,0,0,0,0,0,0,0,0,0,0,16.7386,0,0,0,0,0,0,0,0
PC 38:0 (PC 104),0,0,0,0,0,0,0,0,0,0,0,0,0,0,0,0,0,0,0,0,0,0,0,0,0,0,0,0,0,0,0,0,0,25.4258,0,0,0,0,0,0,0,0
LPC O-20:1 (LPC),0,0,0,0,0,0,0,0,0,0,0,0,0,0,0,0,0,0,0,0,0,0,0,0,0,0,0,0,0,0,0,0,0,0,27,0,0,0,0,0,0,0
LPC O-28:0 (PC),0,0,0,0,0,0,0,0,0,0,0,0,0,0,0,0,0,0,0,0,0,0,0,0,0,0,0,0,0,0,0,0,0,0,1058.5666,1015.1595,649.1265,687.9625,0,0,0,0
PC O-20:5 (PC),0,0,0,0,0,0,0,0,0,0,0,0,0,0,0,0,0,0,0,0,0,0,0,0,0,0,0,0,0,0,0,0,0,0,0,21.69,0,0,0,0,0,0
PC 34:0 (PC 104),0,0,0,0,0,0,0,0,0,0,0,0,0,0,0,0,0,0,0,0,0,0,0,0,0,0,0,0,0,0,0,0,0,0,0,0.7631,0,0,0,0,0,0
PC O-44:12 (PC),0,0,0,0,0,0,0,0,0,0,0,0,0,0,0,0,0,0,0,0,0,0,0,0,0,0,0,0,0,0,0,0,0,0,0,0,0,0,0,0,48.6776,27.8007
PC 42:0 (LPC),0,0,0,0,0,0,0,0,0,0,0,0,0,0,0,0,0,0,0,0,0,0,0,0,0,0,0,0,0,0,0,0,0,0,0,0,0,0,0,0,0,6.6357